Exchflg,Date,Rmrf_mc,Smb_mc,Hml_mc
"0",2018-01-05,"0.0247","-0.0075","0.0165"
"0",2018-01-12,"0.0077","-0.0193","-0.0015"
"0",2018-01-19,"0.0036","-0.0032","0.0263"
"0",2018-01-26,"0.0185","-0.0121","0.0052"
"0",2018-02-02,"-0.0452","-0.0461","0.0278"
"0",2018-02-09,"-0.0949","0.0098","-0.0198"
"0",2018-02-14,"0.0283","-0.0067","-0.0064"
"0",2018-02-23,"0.0257","-0.0049","0.0070"
"0",2018-03-02,"0.0048","0.0207","-0.0370"
"0",2018-03-09,"0.0245","0.0010","-0.0175"
"0",2018-03-16,"-0.0131","0.0063","-0.0022"
"0",2018-03-23,"-0.0453","-0.0136","-0.0096"
"0",2018-03-30,"0.0235","0.0276","-0.0277"
"0",2018-04-04,"-0.0131","-0.0003","-0.0017"
"0",2018-04-13,"0.0055","-0.0016","0.0075"
"0",2018-04-20,"-0.0308","-0.0074","-0.0044"
"0",2018-04-27,"0.0013","-0.0019","0.0011"
"0",2018-05-04,"0.0044","-0.0087","0.0030"
"0",2018-05-11,"0.0227","-0.0029","-0.0034"
"0",2018-05-18,"0.0067","-0.0103","0.0076"
"0",2018-05-25,"-0.0135","0.0074","-0.0085"
"0",2018-06-01,"-0.0284","-0.0208","0.0086"
"0",2018-06-08,"0.0007","-0.0110","-0.0086"
"0",2018-06-15,"-0.0224","-0.0228","0.0279"
"0",2018-06-22,"-0.0510","-0.0364","0.0073"
"0",2018-06-29,"-0.0061","0.0262","-0.0205"
"0",2018-07-06,"-0.0408","0.0119","-0.0008"
"0",2018-07-13,"0.0411","-0.0185","-0.0194"
"0",2018-07-20,"-0.0024","0.0063","0.0078"
"0",2018-07-27,"0.0111","0.0204","0.0330"
"0",2018-08-03,"-0.0586","-0.0013","0.0321"
"0",2018-08-10,"0.0206","0.0008","0.0098"
"0",2018-08-17,"-0.0482","0.0082","0.0083"
"0",2018-08-24,"0.0190","-0.0074","-0.0058"
"0",2018-08-31,"-0.0039","-0.0089","0.0065"
"0",2018-09-07,"-0.0104","0.0126","0.0038"
"0",2018-09-14,"-0.0135","0.0036","0.0238"
"0",2018-09-21,"0.0393","-0.0175","-0.0015"
"0",2018-09-28,"0.0034","-0.0195","0.0015"
"0",2018-10-12,"-0.0883","-0.0192","0.0166"
"0",2018-10-19,"-0.0241","-0.0017","-0.0081"
"0",2018-10-26,"0.0202","0.0378","0.0208"
"0",2018-11-02,"0.0371","-0.0004","-0.0175"
"0",2018-11-09,"-0.0255","0.0397","0.0050"
"0",2018-11-16,"0.0428","0.0472","-0.0015"
"0",2018-11-23,"-0.0419","-0.0104","-0.0012"
"0",2018-11-30,"0.0013","-0.0043","0.0022"
"0",2018-12-07,"0.0076","0.0086","-0.0027"
"0",2018-12-14,"-0.0101","-0.0166","0.0051"
"0",2018-12-21,"-0.0313","0.0188","0.0054"
"0",2018-12-28,"-0.0110","-0.0101","-0.0085"
"0",2019-01-04,"0.0081","0.0234","0.0119"
"0",2019-01-11,"0.0193","0.0128","-0.0022"
"0",2019-01-18,"0.0122","-0.0222","-0.0046"
"0",2019-01-25,"0.0005","-0.0036","0.0005"
"0",2019-02-01,"0.0004","-0.0498","0.0039"
"0",2019-02-15,"0.0379","0.0251","-0.0208"
"0",2019-02-22,"0.0520","0.0220","-0.0098"
"0",2019-03-01,"0.0644","-0.0033","-0.0006"
"0",2019-03-08,"0.0051","0.0385","-0.0104"
"0",2019-03-15,"0.0189","0.0065","0.0043"
"0",2019-03-22,"0.0306","0.0174","0.0122"
"0",2019-03-29,"-0.0043","-0.0178","-0.0224"
"0",2019-04-04,"0.0506","0.0088","0.0144"
"0",2019-04-12,"-0.0206","0.0115","0.0048"
"0",2019-04-19,"0.0243","0.0041","-0.0080"
"0",2019-04-26,"-0.0596","-0.0166","-0.0138"
"0",2019-04-30,"-0.0090","-0.0272","0.0051"
"0",2019-05-10,"-0.0441","0.0110","0.0014"
"0",2019-05-17,"-0.0211","0.0038","0.0014"
"0",2019-05-24,"-0.0162","-0.0031","0.0013"
"0",2019-05-31,"0.0197","0.0072","-0.0052"
"0",2019-06-06,"-0.0318","-0.0236","0.0083"
"0",2019-06-14,"0.0234","0.0027","-0.0113"
"0",2019-06-21,"0.0457","0.0072","-0.0107"
"0",2019-06-28,"-0.0074","-0.0209","-0.0098"
"0",2019-07-05,"0.0181","-0.0014","-0.0007"
"0",2019-07-12,"-0.0252","-0.0050","-0.0029"
"0",2019-07-19,"0.0002","-0.0001","0.0053"
"0",2019-07-26,"0.0080","-0.0143","-0.0155"
"0",2019-08-02,"-0.0241","-0.0004","-0.0145"
"0",2019-08-09,"-0.0353","-0.0145","-0.0131"
"0",2019-08-16,"0.0227","-0.0024","-0.0268"
"0",2019-08-23,"0.0293","0.0061","-0.0104"
"0",2019-08-30,"-0.0026","-0.0099","-0.0081"
"0",2019-09-06,"0.0427","0.0119","-0.0029"
"0",2019-09-12,"0.0116","0.0178","0.0072"
"0",2019-09-20,"-0.0064","-0.0044","-0.0215"
"0",2019-09-27,"-0.0301","-0.0096","-0.0008"
"0",2019-09-30,"-0.0103","-0.0027","0.0051"
"0",2019-10-11,"0.0242","0.0062","0.0009"
"0",2019-10-18,"-0.0126","-0.0004","-0.0090"
"0",2019-10-25,"0.0068","0.0056","0.0040"
"0",2019-11-01,"0.0014","-0.0222","-0.0120"
"0",2019-11-08,"0.0035","-0.0072","-0.0090"
"0",2019-11-15,"-0.0257","-0.0085","-0.0157"
"0",2019-11-22,"-0.0012","0.0079","0.0156"
"0",2019-11-29,"-0.0067","-0.0040","0.0215"
"0",2019-12-06,"0.0197","0.0075","-0.0172"
"0",2019-12-13,"0.0160","0.0015","0.0014"
"0",2019-12-20,"0.0167","0.0169","0.0111"
"0",2019-12-27,"-0.0006","-0.0040","-0.0021"
"0",2020-01-03,"0.0301","0.0018","0.0104"
"0",2020-01-10,"0.0097","0.0081","-0.0172"
"0",2020-01-17,"-0.0017","-0.0032","-0.0163"
"0",2020-01-23,"-0.0302","-0.0032","-0.0114"
"0",2020-02-07,"-0.0246","-0.0151","-0.0379"
"0",2020-02-14,"0.0190","-0.0098","0.0012"
"0",2020-02-21,"0.0546","0.0329","-0.0190"
"0",2020-02-28,"-0.0542","-0.0022","0.0120"
"0",2020-03-06,"0.0575","0.0340","0.0149"
"0",2020-03-13,"-0.0540","0.0028","0.0010"
"0",2020-03-20,"-0.0510","0.0185","0.0014"
"0",2020-03-27,"0.0024","-0.0159","0.0003"
"0",2020-04-03,"-0.0025","-0.0129","-0.0181"
"0",2020-04-10,"0.0144","0.0013","0.0005"
"0",2020-04-17,"0.0156","-0.0119","-0.0109"
"0",2020-04-24,"-0.0096","0.0003","-0.0049"
"0",2020-04-30,"0.0168","-0.0336","-0.0065"
"0",2020-05-08,"0.0184","0.0035","-0.0173"
"0",2020-05-15,"-0.0051","0.0071","-0.0108"
"0",2020-05-22,"-0.0241","-0.0051","-0.0010"
"0",2020-05-29,"0.0165","0.0095","-0.0055"
"0",2020-06-05,"0.0329","0.0056","-0.0086"
"0",2020-06-12,"0.0024","-0.0041","-0.0137"
"0",2020-06-19,"0.0242","-0.0073","-0.0121"
"0",2020-06-24,"0.0067","-0.0087","-0.0227"
"0",2020-07-03,"0.0556","-0.0142","0.0160"
"0",2020-07-10,"0.0884","-0.0034","-0.0205"
"0",2020-07-17,"-0.0442","0.0038","0.0069"
"0",2020-07-24,"-0.0064","0.0037","0.0086"
"0",2020-07-31,"0.0437","0.0025","-0.0190"
"0",2020-08-07,"0.0107","0.0088","0.0070"
"0",2020-08-14,"-0.0046","0.0089","0.0192"
"0",2020-08-21,"0.0045","0.0055","0.0060"
"0",2020-08-28,"0.0144","-0.0070","-0.0397"
"0",2020-09-04,"-0.0114","0.0278","-0.0113"
"0",2020-09-11,"-0.0406","-0.0095","0.0318"
"0",2020-09-18,"0.0239","0.0038","0.0037"
"0",2020-09-25,"-0.0353","-0.0041","-0.0137"
"0",2020-09-30,"0.0000","-0.0144","-0.0116"
"0",2020-10-09,"0.0226","0.0084","-0.0062"
"0",2020-10-16,"0.0210","0.0132","-0.0071"
"0",2020-10-23,"-0.0221","0.0067","0.0074"
"0",2020-10-30,"-0.0111","-0.0253","-0.0200"
"0",2020-11-06,"0.0317","-0.0182","0.0081"
"0",2020-11-13,"-0.0034","0.0011","0.0138"
"0",2020-11-20,"0.0153","0.0017","0.0303"
"0",2020-11-27,"-0.0021","-0.0119","0.0191"
"0",2020-12-04,"0.0147","-0.0066","-0.0239"
"0",2020-12-11,"-0.0316","-0.0116","-0.0064"
"0",2020-12-18,"0.0151","-0.0253","0.0101"
"0",2020-12-25,"0.0020","-0.0217","0.0030"
"0",2020-12-31,"0.0229","-0.0219","-0.0108"
"0",2021-01-08,"0.0323","-0.0866","-0.0119"
"0",2021-01-15,"-0.0121","-0.0101","0.0051"
"0",2021-01-22,"0.0220","-0.0051","-0.0275"
"0",2021-01-29,"-0.0417","-0.0047","0.0033"
"0",2021-02-05,"0.0012","-0.0412","-0.0138"
"0",2021-02-10,"0.0483","-0.0383","-0.0119"
"0",2021-02-19,"0.0082","0.0514","0.0348"
"0",2021-02-26,"-0.0594","0.0650","0.0349"
"0",2021-03-05,"-0.0007","0.0390","0.0153"
"0",2021-03-12,"-0.0232","-0.0027","0.0409"
"0",2021-03-19,"-0.0127","0.0305","0.0012"
"0",2021-03-26,"0.0055","0.0000","-0.0141"
"0",2021-04-02,"0.0197","-0.0269","-0.0134"
"0",2021-04-09,"-0.0099","0.0265","0.0186"
"0",2021-04-16,"-0.0081","0.0121","0.0082"
"0",2021-04-23,"0.0225","-0.0252","-0.0300"
"0",2021-04-30,"-0.0057","-0.0143","0.0062"
"0",2021-05-07,"-0.0157","0.0204","0.0397"
"0",2021-05-14,"0.0219","0.0185","-0.0129"
"0",2021-05-21,"0.0046","-0.0130","-0.0069"
"0",2021-05-28,"0.0322","0.0000","-0.0155"
"0",2021-06-04,"0.0015","0.0059","-0.0079"
"0",2021-06-11,"-0.0005","0.0073","0.0027"
"0",2021-06-18,"-0.0144","0.0130","-0.0134"
"0",2021-06-25,"0.0252","-0.0066","0.0102"
"0",2021-07-02,"-0.0233","0.0015","-0.0048"
"0",2021-07-09,"0.0096","0.0081","-0.0047"
"0",2021-07-16,"0.0072","-0.0122","0.0081"
"0",2021-07-23,"0.0032","0.0083","-0.0157"
"0",2021-07-30,"-0.0404","0.0167","-0.0162"
"0",2021-08-06,"0.0206","-0.0006","-0.0091"
"0",2021-08-13,"0.0162","0.0209","0.0225"
"0",2021-08-20,"-0.0284","0.0079","0.0255"
"0",2021-08-27,"0.0235","-0.0049","0.0243"
"0",2021-09-03,"0.0062","-0.0035","0.0525"
"0",2021-09-10,"0.0348","-0.0214","0.0241"
"0",2021-09-17,"-0.0222","0.0168","0.0121"
"0",2021-09-24,"-0.0032","-0.0093","0.0060"
"0",2021-09-30,"-0.0152","-0.0117","-0.0258"
"0",2021-10-08,"0.0071","0.0150","-0.0038"
"0",2021-10-15,"-0.0062","-0.0157","-0.0487"
"0",2021-10-22,"0.0030","-0.0002","-0.0088"
"0",2021-10-29,"-0.0090","-0.0050","-0.0270"
"0",2021-11-05,"-0.0085","0.0332","-0.0291"
"0",2021-11-12,"0.0176","0.0312","-0.0029"
"0",2021-11-19,"0.0067","0.0168","0.0043"
"0",2021-11-26,"0.0027","0.0074","-0.0044"
"0",2021-12-03,"0.0109","-0.0012","0.0207"
"0",2021-12-10,"0.0130","-0.0163","-0.0043"
"0",2021-12-17,"-0.0083","0.0297","0.0294"
"0",2021-12-24,"-0.0075","-0.0130","0.0099"
"0",2021-12-31,"0.0090","0.0229","0.0016"
"0",2022-01-07,"-0.0216","0.0114","0.0430"
"0",2022-01-14,"-0.0135","0.0264","-0.0131"
"0",2022-01-21,"-0.0083","-0.0268","0.0099"
"0",2022-01-28,"-0.0487","-0.0085","0.0099"
"0",2022-02-11,"0.0193","-0.0004","0.0673"
"0",2022-02-18,"0.0128","0.0120","-0.0206"
"0",2022-02-25,"-0.0084","0.0139","-0.0211"
"0",2022-03-04,"-0.0089","0.0098","0.0364"
"0",2022-03-11,"-0.0408","0.0141","-0.0022"
"0",2022-03-18,"-0.0159","0.0099","-0.0090"
"0",2022-03-25,"-0.0130","0.0157","0.0339"
"0",2022-04-01,"0.0153","-0.0174","0.0295"
"0",2022-04-08,"-0.0137","-0.0072","0.0343"
"0",2022-04-15,"-0.0205","-0.0273","0.0089"
"0",2022-04-22,"-0.0434","-0.0062","-0.0044"
"0",2022-04-29,"-0.0164","-0.0567","-0.0042"
"0",2022-05-06,"-0.0138","0.0217","-0.0078"
"0",2022-05-13,"0.0306","0.0255","-0.0013"
"0",2022-05-20,"0.0225","0.0053","-0.0133"
"0",2022-05-27,"-0.0078","0.0093","0.0252"
"0",2022-06-02,"0.0241","-0.0017","-0.0356"
"0",2022-06-10,"0.0295","-0.0269","-0.0033"
"0",2022-06-17,"0.0155","0.0024","-0.0297"
"0",2022-06-24,"0.0187","0.0144","-0.0291"
"0",2022-07-01,"0.0133","-0.0126","0.0024"
"0",2022-07-08,"-0.0055","0.0043","-0.0019"
"0",2022-07-15,"-0.0291","0.0071","-0.0037"
"0",2022-07-22,"0.0122","0.0455","0.0084"
"0",2022-07-29,"-0.0044","0.0223","-0.0010"
"0",2022-08-05,"-0.0098","-0.0092","-0.0281"
"0",2022-08-12,"0.0177","0.0182","0.0113"
"0",2022-08-19,"-0.0025","0.0131","0.0129"
"0",2022-08-26,"-0.0135","-0.0216","0.0297"
"0",2022-09-02,"-0.0204","0.0139","0.0175"
"0",2022-09-09,"0.0196","-0.0191","0.0216"
"0",2022-09-16,"-0.0472","-0.0028","-0.0073"
"0",2022-09-23,"-0.0140","-0.0029","0.0194"
"0",2022-09-30,"-0.0236","-0.0223","-0.0113"
"0",2022-10-14,"0.0240","0.0274","-0.0109"
"0",2022-10-21,"-0.0119","0.0273","0.0023"
"0",2022-10-28,"-0.0445","0.0091","-0.0019"
"0",2022-11-04,"0.0608","0.0089","-0.0411"
"0",2022-11-11,"0.0049","0.0104","0.0313"
"0",2022-11-18,"0.0034","0.0156","-0.0094"
"0",2022-11-25,"-0.0074","-0.0161","0.0435"
"0",2022-12-02,"0.0230","0.0104","-0.0091"
"0",2022-12-09,"0.0165","-0.0220","-0.0009"
"0",2022-12-16,"-0.0140","0.0002","0.0023"
"0",2022-12-23,"-0.0399","-0.0063","-0.0063"
"0",2022-12-30,"0.0126","0.0022","-0.0068"
"0",2023-01-06,"0.0255","0.0051","-0.0178"
"0",2023-01-13,"0.0130","-0.0178","-0.0081"
"0",2023-01-20,"0.0225","-0.0021","-0.0039"
"0",2023-02-03,"0.0062","0.0387","-0.0108"
"0",2023-02-10,"-0.0004","0.0154","0.0050"
"0",2023-02-17,"-0.0135","-0.0035","0.0104"
"0",2023-02-24,"0.0108","-0.0017","0.0152"
"0",2023-03-03,"0.0136","-0.0077","0.0202"
"0",2023-03-10,"-0.0320","0.0089","-0.0088"
"0",2023-03-17,"-0.0020","-0.0079","0.0196"
"0",2023-03-24,"0.0126","0.0108","-0.0254"
"0",2023-03-31,"0.0021","-0.0185","-0.0076"
"0",2023-04-07,"0.0135","-0.0110","-0.0067"
"0",2023-04-14,"-0.0025","-0.0031","0.0263"
"0",2023-04-21,"-0.0199","-0.0205","0.0178"
"0",2023-04-28,"0.0034","0.0073","0.0275"
"0",2023-05-05,"0.0000","0.0132","0.0237"
"0",2023-05-12,"-0.0161","0.0103","0.0035"
"0",2023-05-19,"0.0042","0.0124","-0.0272"
"0",2023-05-26,"-0.0178","0.0199","-0.0149"
"0",2023-06-02,"0.0080","0.0044","0.0035"
"0",2023-06-09,"-0.0044","0.0042","0.0242"
"0",2023-06-16,"0.0240","-0.0059","-0.0406"
"0",2023-06-21,"-0.0219","0.0038","-0.0049"
"0",2023-06-30,"0.0047","0.0095","0.0235"
"0",2023-07-07,"-0.0035","0.0065","0.0126"
"0",2023-07-14,"0.0157","-0.0102","-0.0020"
"0",2023-07-21,"-0.0174","0.0091","0.0057"
"0",2023-07-28,"0.0304","-0.0101","0.0061"
"0",2023-08-04,"0.0062","-0.0041","-0.0010"
"0",2023-08-11,"-0.0313","0.0043","-0.0041"
"0",2023-08-18,"-0.0201","0.0174","0.0158"
"0",2023-08-25,"-0.0265","-0.0093","0.0081"
"0",2023-09-01,"0.0255","0.0162","-0.0123"
"0",2023-09-08,"-0.0065","0.0109","0.0033"
"0",2023-09-15,"-0.0050","-0.0064","0.0163"
"0",2023-09-22,"0.0040","0.0007","0.0014"
"0",2023-09-28,"-0.0066","0.0143","-0.0009"
"0",2023-10-13,"-0.0063","0.0039","-0.0114"
"0",2023-10-20,"-0.0402","0.0049","0.0154"
"0",2023-10-27,"0.0172","0.0206","-0.0054"
"0",2023-11-03,"0.0046","0.0090","-0.0192"
"0",2023-11-10,"0.0059","0.0160","-0.0040"
"0",2023-11-17,"0.0065","0.0218","-0.0010"
"0",2023-11-24,"-0.0067","0.0057","0.0143"
"0",2023-12-01,"-0.0062","0.0089","0.0013"
"0",2023-12-08,"-0.0221","-0.0095","0.0076"
"0",2023-12-15,"-0.0092","0.0269","0.0144"
"0",2023-12-22,"-0.0146","-0.0177","-0.0017"
"0",2023-12-29,"0.0236","-0.0018","-0.0174"
"0",2018-01-05,"0.0247","-0.0084","0.0175"
"0",2018-01-12,"0.0076","-0.0188","-0.0008"
"0",2018-01-19,"0.0036","-0.0024","0.0284"
"0",2018-01-26,"0.0185","-0.0120","0.0058"
"0",2018-02-02,"-0.0452","-0.0453","0.0325"
"0",2018-02-09,"-0.0948","0.0100","-0.0194"
"0",2018-02-14,"0.0283","-0.0073","-0.0078"
"0",2018-02-23,"0.0257","-0.0053","0.0067"
"0",2018-03-02,"0.0047","0.0204","-0.0379"
"0",2018-03-09,"0.0244","0.0001","-0.0196"
"0",2018-03-16,"-0.0130","0.0067","-0.0011"
"0",2018-03-23,"-0.0452","-0.0120","-0.0091"
"0",2018-03-30,"0.0234","0.0265","-0.0287"
"0",2018-04-04,"-0.0131","0.0003","-0.0015"
"0",2018-04-13,"0.0055","-0.0019","0.0077"
"0",2018-04-20,"-0.0309","-0.0084","-0.0052"
"0",2018-04-27,"0.0013","-0.0020","0.0014"
"0",2018-05-04,"0.0043","-0.0079","0.0021"
"0",2018-05-11,"0.0227","-0.0022","-0.0030"
"0",2018-05-18,"0.0067","-0.0105","0.0073"
"0",2018-05-25,"-0.0135","0.0075","-0.0090"
"0",2018-06-01,"-0.0284","-0.0207","0.0075"
"0",2018-06-08,"0.0007","-0.0107","-0.0092"
"0",2018-06-15,"-0.0224","-0.0233","0.0277"
"0",2018-06-22,"-0.0510","-0.0361","0.0090"
"0",2018-06-29,"-0.0061","0.0263","-0.0203"
"0",2018-07-06,"-0.0407","0.0119","-0.0004"
"0",2018-07-13,"0.0410","-0.0181","-0.0201"
"0",2018-07-20,"-0.0024","0.0058","0.0080"
"0",2018-07-27,"0.0111","0.0193","0.0318"
"0",2018-08-03,"-0.0585","-0.0006","0.0332"
"0",2018-08-10,"0.0205","0.0006","0.0096"
"0",2018-08-17,"-0.0482","0.0089","0.0097"
"0",2018-08-24,"0.0190","-0.0073","-0.0057"
"0",2018-08-31,"-0.0039","-0.0092","0.0071"
"0",2018-09-07,"-0.0104","0.0129","0.0030"
"0",2018-09-14,"-0.0135","0.0038","0.0241"
"0",2018-09-21,"0.0393","-0.0174","-0.0019"
"0",2018-09-28,"0.0034","-0.0192","0.0024"
"0",2018-10-12,"-0.0882","-0.0179","0.0192"
"0",2018-10-19,"-0.0242","-0.0021","-0.0093"
"0",2018-10-26,"0.0203","0.0378","0.0192"
"0",2018-11-02,"0.0371","-0.0008","-0.0179"
"0",2018-11-09,"-0.0254","0.0387","0.0035"
"0",2018-11-16,"0.0428","0.0451","-0.0056"
"0",2018-11-23,"-0.0419","-0.0097","-0.0004"
"0",2018-11-30,"0.0013","-0.0042","0.0018"
"0",2018-12-07,"0.0076","0.0081","-0.0029"
"0",2018-12-14,"-0.0101","-0.0159","0.0057"
"0",2018-12-21,"-0.0313","0.0189","0.0049"
"0",2018-12-28,"-0.0110","-0.0100","-0.0078"
"0",2019-01-04,"0.0081","0.0228","0.0112"
"0",2019-01-11,"0.0193","0.0120","-0.0033"
"0",2019-01-18,"0.0121","-0.0219","-0.0050"
"0",2019-01-25,"0.0004","-0.0032","0.0005"
"0",2019-02-01,"0.0004","-0.0493","0.0045"
"0",2019-02-15,"0.0379","0.0249","-0.0217"
"0",2019-02-22,"0.0519","0.0212","-0.0110"
"0",2019-03-01,"0.0643","-0.0042","-0.0016"
"0",2019-03-08,"0.0051","0.0366","-0.0142"
"0",2019-03-15,"0.0189","0.0058","0.0012"
"0",2019-03-22,"0.0306","0.0164","0.0087"
"0",2019-03-29,"-0.0043","-0.0184","-0.0208"
"0",2019-04-04,"0.0505","0.0075","0.0122"
"0",2019-04-12,"-0.0206","0.0117","0.0058"
"0",2019-04-19,"0.0243","0.0040","-0.0062"
"0",2019-04-26,"-0.0595","-0.0159","-0.0126"
"0",2019-04-30,"-0.0090","-0.0266","0.0051"
"0",2019-05-10,"-0.0440","0.0111","0.0019"
"0",2019-05-17,"-0.0211","0.0032","0.0001"
"0",2019-05-24,"-0.0163","-0.0032","0.0017"
"0",2019-05-31,"0.0197","0.0073","-0.0073"
"0",2019-06-06,"-0.0318","-0.0221","0.0113"
"0",2019-06-14,"0.0234","0.0034","-0.0115"
"0",2019-06-21,"0.0456","0.0065","-0.0109"
"0",2019-06-28,"-0.0074","-0.0202","-0.0094"
"0",2019-07-05,"0.0180","-0.0015","-0.0004"
"0",2019-07-12,"-0.0252","-0.0052","-0.0027"
"0",2019-07-19,"0.0002","-0.0001","0.0051"
"0",2019-07-26,"0.0079","-0.0139","-0.0147"
"0",2019-08-02,"-0.0241","0.0001","-0.0147"
"0",2019-08-09,"-0.0353","-0.0141","-0.0119"
"0",2019-08-16,"0.0227","-0.0024","-0.0267"
"0",2019-08-23,"0.0293","0.0057","-0.0116"
"0",2019-08-30,"-0.0026","-0.0098","-0.0074"
"0",2019-09-06,"0.0426","0.0107","-0.0044"
"0",2019-09-12,"0.0117","0.0174","0.0068"
"0",2019-09-20,"-0.0065","-0.0047","-0.0215"
"0",2019-09-27,"-0.0300","-0.0082","0.0002"
"0",2019-09-30,"-0.0103","-0.0023","0.0054"
"0",2019-10-11,"0.0241","0.0063","0.0008"
"0",2019-10-18,"-0.0126","-0.0003","-0.0086"
"0",2019-10-25,"0.0067","0.0054","0.0030"
"0",2019-11-01,"0.0014","-0.0219","-0.0113"
"0",2019-11-08,"0.0036","-0.0071","-0.0085"
"0",2019-11-15,"-0.0257","-0.0078","-0.0152"
"0",2019-11-22,"-0.0012","0.0072","0.0143"
"0",2019-11-29,"-0.0068","-0.0050","0.0198"
"0",2019-12-06,"0.0197","0.0075","-0.0172"
"0",2019-12-13,"0.0160","0.0014","0.0015"
"0",2019-12-20,"0.0168","0.0172","0.0116"
"0",2019-12-27,"-0.0006","-0.0036","-0.0018"
"0",2020-01-03,"0.0301","0.0017","0.0103"
"0",2020-01-10,"0.0097","0.0071","-0.0178"
"0",2020-01-17,"-0.0017","-0.0023","-0.0159"
"0",2020-01-23,"-0.0302","-0.0020","-0.0106"
"0",2020-02-07,"-0.0247","-0.0151","-0.0382"
"0",2020-02-14,"0.0190","-0.0110","0.0014"
"0",2020-02-21,"0.0546","0.0320","-0.0205"
"0",2020-02-28,"-0.0542","-0.0018","0.0117"
"0",2020-03-06,"0.0575","0.0332","0.0133"
"0",2020-03-13,"-0.0540","0.0024","0.0006"
"0",2020-03-20,"-0.0510","0.0177","0.0001"
"0",2020-03-27,"0.0024","-0.0159","0.0001"
"0",2020-04-03,"-0.0025","-0.0120","-0.0178"
"0",2020-04-10,"0.0144","0.0005","0.0007"
"0",2020-04-17,"0.0155","-0.0110","-0.0110"
"0",2020-04-24,"-0.0096","-0.0001","-0.0060"
"0",2020-04-30,"0.0167","-0.0330","-0.0059"
"0",2020-05-08,"0.0184","0.0031","-0.0177"
"0",2020-05-15,"-0.0052","0.0062","-0.0123"
"0",2020-05-22,"-0.0240","-0.0053","-0.0009"
"0",2020-05-29,"0.0165","0.0092","-0.0058"
"0",2020-06-05,"0.0329","0.0061","-0.0083"
"0",2020-06-12,"0.0024","-0.0038","-0.0142"
"0",2020-06-19,"0.0242","-0.0076","-0.0120"
"0",2020-06-24,"0.0067","-0.0079","-0.0220"
"0",2020-07-03,"0.0556","-0.0140","0.0165"
"0",2020-07-10,"0.0883","-0.0037","-0.0193"
"0",2020-07-17,"-0.0441","0.0052","0.0055"
"0",2020-07-24,"-0.0064","0.0037","0.0078"
"0",2020-07-31,"0.0437","0.0022","-0.0196"
"0",2020-08-07,"0.0106","0.0080","0.0068"
"0",2020-08-14,"-0.0045","0.0088","0.0187"
"0",2020-08-21,"0.0045","0.0055","0.0052"
"0",2020-08-28,"0.0144","-0.0063","-0.0390"
"0",2020-09-04,"-0.0114","0.0281","-0.0102"
"0",2020-09-11,"-0.0406","-0.0092","0.0314"
"0",2020-09-18,"0.0239","0.0036","0.0043"
"0",2020-09-25,"-0.0353","-0.0052","-0.0111"
"0",2020-09-30,"0.0000","-0.0135","-0.0107"
"0",2020-10-09,"0.0226","0.0076","-0.0061"
"0",2020-10-16,"0.0210","0.0125","-0.0088"
"0",2020-10-23,"-0.0220","0.0073","0.0081"
"0",2020-10-30,"-0.0112","-0.0238","-0.0191"
"0",2020-11-06,"0.0316","-0.0174","0.0076"
"0",2020-11-13,"-0.0034","0.0017","0.0138"
"0",2020-11-20,"0.0153","0.0019","0.0295"
"0",2020-11-27,"-0.0021","-0.0111","0.0188"
"0",2020-12-04,"0.0147","-0.0067","-0.0224"
"0",2020-12-11,"-0.0316","-0.0104","-0.0061"
"0",2020-12-18,"0.0151","-0.0244","0.0094"
"0",2020-12-25,"0.0021","-0.0203","0.0022"
"0",2020-12-31,"0.0228","-0.0206","-0.0103"
"0",2021-01-08,"0.0323","-0.0843","-0.0113"
"0",2021-01-15,"-0.0121","-0.0103","0.0044"
"0",2021-01-22,"0.0220","-0.0046","-0.0261"
"0",2021-01-29,"-0.0416","-0.0038","0.0017"
"0",2021-02-05,"0.0011","-0.0395","-0.0133"
"0",2021-02-10,"0.0483","-0.0371","-0.0118"
"0",2021-02-19,"0.0082","0.0487","0.0345"
"0",2021-02-26,"-0.0593","0.0637","0.0341"
"0",2021-03-05,"-0.0006","0.0387","0.0153"
"0",2021-03-12,"-0.0232","-0.0030","0.0408"
"0",2021-03-19,"-0.0126","0.0306","0.0001"
"0",2021-03-26,"0.0054","-0.0005","-0.0140"
"0",2021-04-02,"0.0196","-0.0257","-0.0129"
"0",2021-04-09,"-0.0098","0.0260","0.0185"
"0",2021-04-16,"-0.0081","0.0119","0.0090"
"0",2021-04-23,"0.0225","-0.0237","-0.0293"
"0",2021-04-30,"-0.0057","-0.0137","0.0066"
"0",2021-05-07,"-0.0157","0.0193","0.0384"
"0",2021-05-14,"0.0218","0.0189","-0.0121"
"0",2021-05-21,"0.0046","-0.0120","-0.0061"
"0",2021-05-28,"0.0321","0.0006","-0.0145"
"0",2021-06-04,"0.0016","0.0063","-0.0078"
"0",2021-06-11,"-0.0003","0.0059","0.0035"
"0",2021-06-18,"-0.0144","0.0133","-0.0132"
"0",2021-06-25,"0.0252","-0.0071","0.0102"
"0",2021-07-02,"-0.0232","0.0021","-0.0042"
"0",2021-07-09,"0.0098","0.0084","-0.0059"
"0",2021-07-16,"0.0073","-0.0126","0.0070"
"0",2021-07-23,"0.0032","0.0082","-0.0165"
"0",2021-07-30,"-0.0404","0.0171","-0.0169"
"0",2021-08-06,"0.0206","-0.0013","-0.0078"
"0",2021-08-13,"0.0163","0.0199","0.0224"
"0",2021-08-20,"-0.0284","0.0081","0.0256"
"0",2021-08-27,"0.0234","-0.0052","0.0218"
"0",2021-09-03,"0.0065","-0.0036","0.0521"
"0",2021-09-10,"0.0352","-0.0220","0.0250"
"0",2021-09-17,"-0.0222","0.0171","0.0105"
"0",2021-09-24,"-0.0030","-0.0086","0.0069"
"0",2021-09-30,"-0.0151","-0.0110","-0.0250"
"0",2021-10-08,"0.0070","0.0145","-0.0044"
"0",2021-10-15,"-0.0062","-0.0148","-0.0476"
"0",2021-10-22,"0.0031","-0.0003","-0.0097"
"0",2021-10-29,"-0.0092","-0.0049","-0.0281"
"0",2021-11-05,"-0.0083","0.0334","-0.0294"
"0",2021-11-12,"0.0178","0.0307","-0.0037"
"0",2021-11-19,"0.0063","0.0154","0.0048"
"0",2021-11-26,"0.0029","0.0063","-0.0039"
"0",2021-12-03,"0.0105","-0.0019","0.0210"
"0",2021-12-10,"0.0129","-0.0150","-0.0044"
"0",2021-12-17,"-0.0083","0.0297","0.0275"
"0",2021-12-24,"-0.0078","-0.0121","0.0105"
"0",2021-12-31,"0.0094","0.0207","0.0023"
"0",2022-01-07,"-0.0218","0.0115","0.0436"
"0",2022-01-14,"-0.0134","0.0269","-0.0147"
"0",2022-01-21,"-0.0082","-0.0267","0.0106"
"0",2022-01-28,"-0.0487","-0.0081","0.0124"
"0",2022-02-11,"0.0190","-0.0016","0.0674"
"0",2022-02-18,"0.0127","0.0120","-0.0215"
"0",2022-02-25,"-0.0085","0.0146","-0.0223"
"0",2022-03-04,"-0.0089","0.0103","0.0368"
"0",2022-03-11,"-0.0409","0.0155","-0.0031"
"0",2022-03-18,"-0.0158","0.0100","-0.0090"
"0",2022-03-25,"-0.0130","0.0160","0.0354"
"0",2022-04-01,"0.0153","-0.0175","0.0296"
"0",2022-04-08,"-0.0137","-0.0068","0.0367"
"0",2022-04-15,"-0.0206","-0.0260","0.0107"
"0",2022-04-22,"-0.0433","-0.0060","-0.0037"
"0",2022-04-29,"-0.0164","-0.0555","-0.0018"
"0",2022-05-06,"-0.0137","0.0215","-0.0093"
"0",2022-05-13,"0.0307","0.0250","-0.0020"
"0",2022-05-20,"0.0225","0.0046","-0.0146"
"0",2022-05-27,"-0.0079","0.0078","0.0261"
"0",2022-06-02,"0.0241","-0.0022","-0.0358"
"0",2022-06-10,"0.0295","-0.0277","-0.0036"
"0",2022-06-17,"0.0154","0.0012","-0.0309"
"0",2022-06-24,"0.0188","0.0134","-0.0291"
"0",2022-07-01,"0.0133","-0.0126","0.0032"
"0",2022-07-08,"-0.0056","0.0038","-0.0026"
"0",2022-07-15,"-0.0291","0.0076","-0.0026"
"0",2022-07-22,"0.0122","0.0450","0.0068"
"0",2022-07-29,"-0.0044","0.0218","-0.0009"
"0",2022-08-05,"-0.0098","-0.0095","-0.0278"
"0",2022-08-12,"0.0177","0.0184","0.0108"
"0",2022-08-19,"-0.0025","0.0125","0.0119"
"0",2022-08-26,"-0.0135","-0.0212","0.0302"
"0",2022-09-02,"-0.0204","0.0146","0.0178"
"0",2022-09-09,"0.0195","-0.0193","0.0207"
"0",2022-09-16,"-0.0471","-0.0015","-0.0063"
"0",2022-09-23,"-0.0140","-0.0030","0.0192"
"0",2022-09-30,"-0.0237","-0.0215","-0.0113"
"0",2022-10-14,"0.0240","0.0262","-0.0112"
"0",2022-10-21,"-0.0118","0.0268","0.0014"
"0",2022-10-28,"-0.0446","0.0097","-0.0026"
"0",2022-11-04,"0.0607","0.0086","-0.0419"
"0",2022-11-11,"0.0049","0.0102","0.0317"
"0",2022-11-18,"0.0034","0.0156","-0.0104"
"0",2022-11-25,"-0.0074","-0.0160","0.0439"
"0",2022-12-02,"0.0229","0.0101","-0.0088"
"0",2022-12-09,"0.0163","-0.0216","-0.0006"
"0",2022-12-16,"-0.0139","0.0005","0.0031"
"0",2022-12-23,"-0.0399","-0.0058","-0.0063"
"0",2022-12-30,"0.0126","0.0027","-0.0065"
"0",2023-01-06,"0.0255","0.0047","-0.0184"
"0",2023-01-13,"0.0130","-0.0180","-0.0078"
"0",2023-01-20,"0.0226","-0.0027","-0.0034"
"0",2023-02-03,"0.0064","0.0380","-0.0121"
"0",2023-02-10,"-0.0004","0.0152","0.0046"
"0",2023-02-17,"-0.0135","-0.0038","0.0098"
"0",2023-02-24,"0.0107","-0.0020","0.0151"
"0",2023-03-03,"0.0135","-0.0079","0.0200"
"0",2023-03-10,"-0.0319","0.0089","-0.0091"
"0",2023-03-17,"-0.0021","-0.0087","0.0196"
"0",2023-03-24,"0.0126","0.0098","-0.0263"
"0",2023-03-31,"0.0021","-0.0185","-0.0067"
"0",2023-04-07,"0.0134","-0.0123","-0.0053"
"0",2023-04-14,"-0.0025","-0.0034","0.0254"
"0",2023-04-21,"-0.0198","-0.0201","0.0174"
"0",2023-04-28,"0.0034","0.0080","0.0269"
"0",2023-05-05,"0.0001","0.0130","0.0235"
"0",2023-05-12,"-0.0160","0.0104","0.0027"
"0",2023-05-19,"0.0042","0.0126","-0.0279"
"0",2023-05-26,"-0.0177","0.0193","-0.0161"
"0",2023-06-02,"0.0079","0.0027","0.0045"
"0",2023-06-09,"-0.0044","0.0045","0.0240"
"0",2023-06-16,"0.0238","-0.0070","-0.0418"
"0",2023-06-21,"-0.0218","0.0039","-0.0053"
"0",2023-06-30,"0.0047","0.0096","0.0236"
"0",2023-07-07,"-0.0035","0.0064","0.0130"
"0",2023-07-14,"0.0156","-0.0098","-0.0021"
"0",2023-07-21,"-0.0173","0.0105","0.0050"
"0",2023-07-28,"0.0303","-0.0098","0.0066"
"0",2023-08-04,"0.0062","-0.0041","-0.0010"
"0",2023-08-11,"-0.0313","0.0045","-0.0043"
"0",2023-08-18,"-0.0202","0.0176","0.0156"
"0",2023-08-25,"-0.0266","-0.0088","0.0077"
"0",2023-09-01,"0.0255","0.0146","-0.0141"
"0",2023-09-08,"-0.0065","0.0110","0.0036"
"0",2023-09-15,"-0.0050","-0.0062","0.0164"
"0",2023-09-22,"0.0039","0.0000","0.0010"
"0",2023-09-28,"-0.0065","0.0142","-0.0010"
"0",2023-10-13,"-0.0064","0.0032","-0.0120"
"0",2023-10-20,"-0.0403","0.0052","0.0147"
"0",2023-10-27,"0.0173","0.0204","-0.0057"
"0",2023-11-03,"0.0045","0.0087","-0.0195"
"0",2023-11-10,"0.0061","0.0155","-0.0045"
"0",2023-11-17,"0.0065","0.0213","-0.0007"
"0",2023-11-24,"-0.0057","0.0063","0.0141"
"0",2023-12-01,"-0.0064","0.0085","0.0011"
"0",2023-12-08,"-0.0214","-0.0091","0.0078"
"0",2023-12-15,"-0.0089","0.0266","0.0141"
"0",2023-12-22,"-0.0147","-0.0173","-0.0025"
"0",2023-12-29,"0.0241","-0.0023","-0.0166"
"0",2018-01-05,"0.0173","0.0017","0.0019"
"0",2018-01-12,"0.0012","-0.0027","0.0179"
"0",2018-01-19,"0.0024","-0.0179","0.0165"
"0",2018-01-26,"0.0056","-0.0156","0.0302"
"0",2018-02-02,"-0.0246","-0.0468","0.0269"
"0",2018-02-09,"-0.0755","0.0085","0.0241"
"0",2018-02-14,"0.0321","-0.0094","0.0112"
"0",2018-02-23,"0.0121","-0.0090","-0.0012"
"0",2018-03-02,"-0.0043","0.0119","-0.0126"
"0",2018-03-09,"0.0086","0.0029","-0.0166"
"0",2018-03-16,"0.0006","0.0093","-0.0079"
"0",2018-03-23,"-0.0392","-0.0009","0.0041"
"0",2018-03-30,"0.0190","0.0113","-0.0122"
"0",2018-04-04,"-0.0071","0.0062","-0.0076"
"0",2018-04-13,"-0.0006","-0.0135","0.0083"
"0",2018-04-20,"-0.0370","0.0073","-0.0198"
"0",2018-04-27,"-0.0040","0.0003","0.0014"
"0",2018-05-04,"-0.0099","-0.0056","0.0016"
"0",2018-05-11,"0.0228","-0.0139","0.0077"
"0",2018-05-18,"-0.0016","-0.0022","0.0195"
"0",2018-05-25,"-0.0090","0.0093","-0.0034"
"0",2018-06-01,"-0.0278","-0.0153","0.0241"
"0",2018-06-08,"0.0203","-0.0198","0.0168"
"0",2018-06-15,"-0.0103","-0.0145","0.0303"
"0",2018-06-22,"-0.0458","-0.0228","0.0263"
"0",2018-06-29,"0.0072","0.0210","-0.0169"
"0",2018-07-06,"-0.0233","0.0022","0.0148"
"0",2018-07-13,"0.0214","-0.0171","0.0160"
"0",2018-07-20,"-0.0076","-0.0025","-0.0029"
"0",2018-07-27,"0.0176","0.0084","-0.0118"
"0",2018-08-03,"-0.0382","-0.0082","-0.0005"
"0",2018-08-10,"0.0127","-0.0018","0.0118"
"0",2018-08-17,"-0.0307","0.0072","0.0008"
"0",2018-08-24,"0.0098","0.0007","-0.0024"
"0",2018-08-31,"-0.0019","-0.0084","-0.0078"
"0",2018-09-07,"-0.0121","0.0044","-0.0007"
"0",2018-09-14,"-0.0217","0.0181","0.0052"
"0",2018-09-21,"0.0259","-0.0129","-0.0101"
"0",2018-09-28,"0.0045","-0.0040","-0.0171"
"0",2018-10-12,"-0.0669","-0.0238","-0.0315"
"0",2018-10-19,"-0.0484","-0.0236","-0.0316"
"0",2018-10-26,"0.0371","0.0248","0.0126"
"0",2018-11-02,"0.0247","0.0025","-0.0164"
"0",2018-11-09,"-0.0212","0.0189","-0.0035"
"0",2018-11-16,"0.0461","0.0449","-0.0256"
"0",2018-11-23,"-0.0387","-0.0284","0.0028"
"0",2018-11-30,"-0.0021","0.0020","-0.0246"
"0",2018-12-07,"0.0032","0.0083","-0.0146"
"0",2018-12-14,"-0.0054","0.0030","0.0035"
"0",2018-12-21,"-0.0251","0.0091","-0.0023"
"0",2018-12-28,"-0.0040","-0.0031","-0.0026"
"0",2019-01-04,"0.0053","0.0115","0.0014"
"0",2019-01-11,"0.0187","-0.0101","0.0072"
"0",2019-01-18,"0.0018","-0.0175","-0.0003"
"0",2019-01-25,"-0.0092","-0.0048","0.0218"
"0",2019-02-01,"0.0027","-0.0303","0.0099"
"0",2019-02-15,"0.0280","0.0200","0.0275"
"0",2019-02-22,"0.0339","0.0197","-0.0069"
"0",2019-03-01,"0.0431","0.0061","0.0002"
"0",2019-03-08,"-0.0043","0.0333","0.0032"
"0",2019-03-15,"0.0126","0.0178","-0.0091"
"0",2019-03-22,"0.0233","0.0013","-0.0019"
"0",2019-03-29,"-0.0056","-0.0036","-0.0154"
"0",2019-04-04,"0.0309","0.0064","0.0184"
"0",2019-04-12,"-0.0161","-0.0150","0.0166"
"0",2019-04-19,"0.0099","0.0081","-0.0008"
"0",2019-04-26,"-0.0301","-0.0199","-0.0100"
"0",2019-04-30,"-0.0045","-0.0128","-0.0020"
"0",2019-05-10,"-0.0390","-0.0070","0.0021"
"0",2019-05-17,"-0.0250","-0.0165","0.0082"
"0",2019-05-24,"-0.0265","-0.0065","0.0157"
"0",2019-05-31,"0.0108","0.0065","-0.0024"
"0",2019-06-06,"-0.0190","-0.0093","-0.0134"
"0",2019-06-14,"0.0237","0.0015","-0.0077"
"0",2019-06-21,"0.0345","-0.0078","0.0015"
"0",2019-06-28,"-0.0015","-0.0062","-0.0034"
"0",2019-07-05,"0.0082","-0.0047","0.0259"
"0",2019-07-12,"-0.0184","-0.0133","0.0095"
"0",2019-07-19,"-0.0044","-0.0021","0.0176"
"0",2019-07-26,"-0.0031","-0.0092","0.0112"
"0",2019-08-02,"-0.0364","0.0063","0.0049"
"0",2019-08-09,"-0.0508","-0.0118","0.0213"
"0",2019-08-16,"0.0052","-0.0082","0.0119"
"0",2019-08-23,"0.0169","0.0087","0.0015"
"0",2019-08-30,"-0.0120","-0.0011","-0.0025"
"0",2019-09-06,"0.0300","-0.0022","-0.0064"
"0",2019-09-12,"0.0147","0.0106","-0.0247"
"0",2019-09-20,"-0.0115","-0.0029","0.0002"
"0",2019-09-27,"-0.0102","0.0016","0.0082"
"0",2019-09-30,"0.0016","-0.0048","-0.0049"
"0",2019-10-11,"-0.0085","0.0081","0.0079"
"0",2019-10-18,"-0.0169","0.0014","-0.0079"
"0",2019-10-25,"-0.0029","-0.0088","0.0009"
"0",2019-11-01,"-0.0064","-0.0029","0.0023"
"0",2019-11-08,"0.0097","-0.0097","0.0005"
"0",2019-11-15,"-0.0274","-0.0097","0.0003"
"0",2019-11-22,"-0.0074","0.0106","0.0243"
"0",2019-11-29,"-0.0466","0.0102","0.0514"
"0",2019-12-06,"0.0209","-0.0072","-0.0190"
"0",2019-12-13,"0.0072","-0.0142","-0.0133"
"0",2019-12-20,"0.0300","0.0042","0.0206"
"0",2019-12-27,"0.0074","-0.0106","-0.0118"
"0",2020-01-03,"0.0278","-0.0123","0.0048"
"0",2020-01-10,"0.0124","-0.0033","-0.0053"
"0",2020-01-17,"-0.0053","0.0027","0.0010"
"0",2020-01-23,"-0.0392","0.0165","0.0073"
"0",2020-02-07,"-0.0619","-0.0221","0.0151"
"0",2020-02-14,"0.0064","0.0064","-0.0004"
"0",2020-02-21,"0.0407","0.0031","0.0043"
"0",2020-02-28,"-0.0534","0.0238","0.0228"
"0",2020-03-06,"0.0404","-0.0021","-0.0016"
"0",2020-03-13,"-0.0576","0.0338","-0.0198"
"0",2020-03-20,"-0.0446","0.0052","-0.0149"
"0",2020-03-27,"-0.0138","-0.0077","0.0021"
"0",2020-04-03,"-0.0112","-0.0155","0.0185"
"0",2020-04-10,"0.0072","-0.0097","0.0129"
"0",2020-04-17,"-0.0077","-0.0123","0.0256"
"0",2020-04-24,"-0.0096","0.0023","-0.0128"
"0",2020-04-30,"0.0090","-0.0375","0.0185"
"0",2020-05-08,"0.0028","-0.0154","0.0268"
"0",2020-05-15,"-0.0464","-0.0464","0.0225"
"0",2020-05-22,"0.0191","0.0103","-0.0661"
"0",2020-05-29,"0.0099","0.0079","-0.0340"
"0",2020-06-05,"0.0347","-0.0040","-0.0053"
"0",2020-06-12,"-0.0011","-0.0278","0.0073"
"0",2020-06-19,"0.0253","-0.0094","-0.0054"
"0",2020-06-24,"0.0024","-0.0013","-0.0012"
"0",2020-07-03,"0.0393","-0.0147","-0.0009"
"0",2020-07-10,"0.0682","0.0463","-0.0169"
"0",2020-07-17,"-0.0306","-0.0023","0.0086"
"0",2020-07-24,"-0.0022","0.0024","-0.0025"
"0",2020-07-31,"0.0224","0.0171","-0.0026"
"0",2020-08-07,"0.0093","0.0009","-0.0044"
"0",2020-08-14,"-0.0058","0.0004","0.0015"
"0",2020-08-21,"0.0194","-0.0122","0.0028"
"0",2020-08-28,"0.0152","-0.0054","-0.0086"
"0",2020-09-04,"0.0009","0.0052","0.0140"
"0",2020-09-11,"-0.0093","0.0185","-0.0090"
"0",2020-09-18,"0.0127","0.0022","-0.0128"
"0",2020-09-25,"-0.0194","-0.0070","-0.0025"
"0",2020-09-30,"0.0031","-0.0061","-0.0098"
"0",2020-10-09,"0.0118","-0.0019","-0.0052"
"0",2020-10-16,"0.0054","-0.0159","0.0129"
"0",2020-10-23,"-0.0179","-0.0115","0.0189"
"0",2020-10-30,"-0.0163","-0.0149","0.0093"
"0",2020-11-06,"0.0140","-0.0110","-0.0269"
"0",2020-11-13,"0.0044","-0.0089","0.0091"
"0",2020-11-20,"0.0205","-0.0106","0.0226"
"0",2020-11-27,"-0.0080","-0.0216","0.0700"
"0",2020-12-04,"0.0007","0.0263","0.0024"
"0",2020-12-11,"-0.0165","-0.0072","-0.0211"
"0",2020-12-18,"0.0177","-0.0179","0.0071"
"0",2020-12-25,"0.0056","0.0041","-0.0200"
"0",2020-12-31,"0.0167","-0.0036","0.0003"
"0",2021-01-08,"0.0188","-0.0249","0.0042"
"0",2021-01-15,"-0.0058","-0.0025","-0.0137"
"0",2021-01-22,"0.0070","0.0067","0.0024"
"0",2021-01-29,"-0.0277","-0.0001","-0.0008"
"0",2021-02-05,"-0.0216","-0.0492","0.0581"
"0",2021-02-10,"0.0394","-0.0127","0.0246"
"0",2021-02-19,"0.0150","-0.0032","0.0122"
"0",2021-02-26,"-0.0225","0.0444","-0.0369"
"0",2021-03-05,"0.0075","0.0134","-0.0177"
"0",2021-03-12,"0.0042","-0.0127","0.0062"
"0",2021-03-19,"-0.0119","0.0061","0.0107"
"0",2021-03-26,"0.0024","0.0017","0.0089"
"0",2021-04-02,"0.0159","-0.0229","0.0120"
"0",2021-04-09,"0.0029","-0.0004","0.0026"
"0",2021-04-16,"0.0027","-0.0100","0.0211"
"0",2021-04-23,"0.0115","-0.0175","-0.0027"
"0",2021-04-30,"-0.0043","-0.0071","0.0136"
"0",2021-05-07,"-0.0073","0.0146","0.0209"
"0",2021-05-14,"0.0095","0.0023","0.0340"
"0",2021-05-21,"-0.0056","-0.0159","0.0043"
"0",2021-05-28,"0.0094","0.0054","0.0202"
"0",2021-06-04,"0.0161","0.0075","-0.0067"
"0",2021-06-11,"0.0075","-0.0084","-0.0126"
"0",2021-06-18,"-0.0051","0.0031","-0.0014"
"0",2021-06-25,"0.0222","-0.0014","-0.0197"
"0",2021-07-02,"-0.0014","-0.0019","-0.0146"
"0",2021-07-09,"0.0290","-0.0133","0.0027"
"0",2021-07-16,"0.0132","-0.0058","0.0182"
"0",2021-07-23,"-0.0003","0.0092","-0.0039"
"0",2021-07-30,"-0.0308","0.0245","0.0102"
"0",2021-08-06,"0.0162","-0.0257","-0.0090"
"0",2021-08-13,"0.0123","-0.0100","0.0125"
"0",2021-08-20,"-0.0103","0.0009","-0.0137"
"0",2021-08-27,"0.0159","0.0142","0.0163"
"0",2021-09-03,"0.0089","0.0119","-0.0159"
"0",2021-09-10,"0.0344","-0.0087","0.0148"
"0",2021-09-17,"-0.0254","0.0198","-0.0129"
"0",2021-09-24,"-0.0069","-0.0086","-0.0110"
"0",2021-09-30,"0.0071","-0.0097","-0.0010"
"0",2021-10-08,"0.0102","-0.0049","-0.0027"
"0",2021-10-15,"-0.0110","-0.0056","-0.0142"
"0",2021-10-22,"0.0043","0.0121","-0.0104"
"0",2021-10-29,"-0.0185","0.0011","-0.0217"
"0",2021-11-05,"-0.0140","-0.0119","-0.0041"
"0",2021-11-12,"0.0065","-0.0037","-0.0122"
"0",2021-11-19,"0.0210","-0.0181","-0.0061"
"0",2021-11-26,"0.0036","0.0022","-0.0027"
"0",2021-12-03,"0.0195","-0.0177","-0.0055"
"0",2021-12-10,"0.0017","0.0095","-0.0040"
"0",2021-12-17,"-0.0139","0.0253","0.0129"
"0",2021-12-24,"-0.0036","0.0003","-0.0100"
"0",2021-12-31,"0.0075","0.0070","0.0059"
"0",2022-01-07,"0.0039","0.0072","0.0004"
"0",2022-01-14,"0.0000","0.0014","-0.0067"
"0",2022-01-21,"-0.0023","-0.0078","0.0024"
"0",2022-01-28,"-0.0195","-0.0143","0.0059"
"0",2022-02-11,"0.0135","-0.0028","0.0135"
"0",2022-02-18,"0.0002","0.0065","-0.0104"
"0",2022-02-25,"-0.0121","-0.0009","0.0013"
"0",2022-03-04,"-0.0122","0.0096","0.0298"
"0",2022-03-11,"-0.0231","-0.0008","-0.0007"
"0",2022-03-18,"-0.0198","0.0112","-0.0186"
"0",2022-03-25,"0.0026","0.0073","0.0016"
"0",2022-04-01,"0.0351","-0.0324","0.0420"
"0",2022-04-08,"0.0077","-0.0038","0.0218"
"0",2022-04-15,"-0.0004","-0.0128","0.0187"
"0",2022-04-22,"0.0022","-0.0049","-0.0097"
"0",2022-04-29,"0.0049","-0.0278","0.0186"
"0",2022-05-06,"-0.0071","-0.0020","-0.0125"
"0",2022-05-13,"0.0038","-0.0044","0.0365"
"0",2022-05-20,"0.0502","-0.0230","-0.0077"
"0",2022-05-27,"0.0183","-0.0078","0.0117"
"0",2022-06-02,"-0.0180","0.0102","-0.0100"
"0",2022-06-10,"0.0424","-0.0209","0.0020"
"0",2022-06-17,"0.0021","0.0070","-0.0204"
"0",2022-06-24,"0.0018","0.0070","-0.0144"
"0",2022-07-01,"0.0206","-0.0167","-0.0107"
"0",2022-07-08,"0.0091","-0.0054","-0.0014"
"0",2022-07-15,"-0.0008","-0.0202","-0.0110"
"0",2022-07-22,"0.0156","-0.0030","0.0184"
"0",2022-07-29,"0.0116","-0.0199","0.0259"
"0",2022-08-05,"-0.0114","0.0098","-0.0135"
"0",2022-08-12,"0.0237","0.0000","-0.0078"
"0",2022-08-19,"-0.0082","0.0148","-0.0135"
"0",2022-08-26,"0.0075","-0.0041","-0.0328"
"0",2022-09-02,"-0.0119","0.0123","-0.0057"
"0",2022-09-09,"0.0118","-0.0075","-0.0079"
"0",2022-09-16,"-0.0173","0.0072","-0.0173"
"0",2022-09-23,"-0.0295","0.0197","0.0107"
"0",2022-09-30,"-0.0444","0.0188","-0.0144"
"0",2022-10-14,"0.0309","-0.0119","-0.0141"
"0",2022-10-21,"-0.0069","0.0136","-0.0141"
"0",2022-10-28,"-0.0431","0.0131","-0.0231"
"0",2022-11-04,"0.0247","-0.0209","0.0168"
"0",2022-11-11,"0.0104","0.0083","0.0055"
"0",2022-11-18,"-0.0117","0.0135","0.0209"
"0",2022-11-25,"0.0029","-0.0025","-0.0117"
"0",2022-12-02,"0.0082","0.0003","0.0267"
"0",2022-12-09,"-0.0005","-0.0003","0.0127"
"0",2022-12-16,"-0.0039","-0.0064","0.0048"
"0",2022-12-23,"-0.0474","0.0084","0.0254"
"0",2022-12-30,"0.0204","-0.0076","-0.0053"
"0",2023-01-06,"0.0196","-0.0097","-0.0089"
"0",2023-01-13,"0.0063","-0.0202","0.0022"
"0",2023-01-20,"0.0392","-0.0178","-0.0161"
"0",2023-02-03,"-0.0044","0.0074","0.0006"
"0",2023-02-10,"-0.0074","0.0008","0.0204"
"0",2023-02-17,"-0.0019","0.0016","0.0063"
"0",2023-02-24,"0.0074","-0.0085","-0.0098"
"0",2023-03-03,"-0.0040","0.0075","0.0076"
"0",2023-03-10,"-0.0150","0.0086","-0.0257"
"0",2023-03-17,"-0.0150","0.0063","-0.0106"
"0",2023-03-24,"0.0046","-0.0029","0.0094"
"0",2023-03-31,"0.0111","-0.0377","-0.0061"
"0",2023-04-07,"0.0045","0.0083","-0.0040"
"0",2023-04-14,"-0.0046","-0.0064","-0.0024"
"0",2023-04-21,"-0.0151","0.0010","0.0108"
"0",2023-04-28,"0.0066","-0.0080","-0.0055"
"0",2023-05-05,"-0.0083","0.0034","0.0107"
"0",2023-05-12,"0.0031","-0.0142","-0.0063"
"0",2023-05-19,"-0.0061","0.0030","-0.0049"
"0",2023-05-26,"-0.0234","0.0048","-0.0045"
"0",2023-06-02,"-0.0353","0.0019","0.0233"
"0",2023-06-09,"0.0118","-0.0066","-0.0035"
"0",2023-06-16,"-0.0003","-0.0025","-0.0068"
"0",2023-06-21,"-0.0096","0.0062","-0.0061"
"0",2023-06-30,"0.0081","-0.0065","-0.0020"
"0",2023-07-07,"0.0020","-0.0011","0.0064"
"0",2023-07-14,"0.0168","-0.0125","-0.0024"
"0",2023-07-21,"0.0031","0.0031","0.0110"
"0",2023-07-28,"0.0240","0.0096","0.0012"
"0",2023-08-04,"0.0089","0.0025","0.0089"
"0",2023-08-11,"-0.0212","0.0035","-0.0059"
"0",2023-08-18,"-0.0359","0.0129","0.0108"
"0",2023-08-25,"-0.0289","-0.0021","-0.0054"
"0",2023-09-01,"-0.0335","0.0110","0.0180"
"0",2023-09-08,"0.0032","-0.0074","0.0064"
"0",2023-09-15,"-0.0055","-0.0046","-0.0020"
"0",2023-09-22,"-0.0044","-0.0092","-0.0145"
"0",2023-09-28,"0.0035","0.0050","-0.0087"
"0",2023-10-13,"-0.0188","0.0003","-0.0127"
"0",2023-10-20,"-0.0443","-0.0105","0.0174"
"0",2023-10-27,"0.0199","-0.0152","-0.0173"
"0",2023-11-03,"-0.0024","-0.0053","-0.0112"
"0",2023-11-10,"-0.0011","0.0234","0.0055"
"0",2023-11-17,"0.0139","-0.0017","-0.0082"
"0",2023-11-24,"0.0005","0.0143","-0.0097"
"0",2023-12-01,"-0.0057","-0.0027","-0.0087"
"0",2023-12-08,"0.0100","-0.0385","-0.0190"
"0",2023-12-15,"-0.0058","0.0132","-0.0016"
"0",2023-12-22,"-0.0104","-0.0048","0.0009"
"0",2023-12-29,"0.0240","-0.0147","0.0006"