Stkcd,Date,Clpr,DRfRet
"600006",2005-07-15,"2.5500","0.000031"
"600006",2005-07-18,"2.4900","0.000031"
"600006",2005-07-19,"2.5300","0.000031"
"600006",2005-07-20,"2.5300","0.000031"
"600006",2005-07-21,"2.5600","0.000031"
"600006",2005-07-22,"2.6000","0.000031"
"600006",2005-07-25,"2.6700","0.000031"
"600006",2005-07-26,"2.6700","0.000031"
"600006",2005-07-27,"2.7300","0.000031"
"600006",2005-07-28,"2.6600","0.000030"
"600006",2005-07-29,"2.6500","0.000030"
"600006",2005-08-01,"2.6600","0.000030"
"600006",2005-08-02,"2.7200","0.000030"
"600006",2005-08-03,"2.7700","0.000030"
"600006",2005-08-04,"2.7300","0.000030"
"600006",2005-08-05,"2.7800","0.000030"
"600006",2005-08-08,"2.8200","0.000030"
"600006",2005-08-09,"2.8000","0.000030"
"600006",2005-08-10,"2.8100","0.000030"
"600006",2005-08-11,"2.8200","0.000030"
"600006",2005-08-12,"2.7800","0.000030"
"600006",2005-08-15,"2.8200","0.000030"
"600006",2005-08-16,"2.7600","0.000030"
"600006",2005-08-17,"2.8400","0.000030"
"600006",2005-08-18,"2.7900","0.000029"
"600006",2005-08-19,"2.7500","0.000029"
"600006",2005-08-22,"2.7400","0.000029"
"600006",2005-08-23,"2.8200","0.000029"
"600006",2005-08-24,"2.8600","0.000029"
"600006",2005-08-25,"2.8500","0.000030"
"600006",2005-08-26,"2.8800","0.000030"
"600006",2005-08-29,"2.8100","0.000030"
"600006",2005-08-30,"2.8400","0.000030"
"600006",2005-08-31,"2.8500","0.000030"
"600006",2005-09-01,"2.9200","0.000030"
"600006",2005-09-02,"3.0200","0.000030"
"600006",2005-09-05,"2.9800","0.000030"
"600006",2005-09-06,"2.8700","0.000030"
"600006",2005-09-07,"3.0200","0.000030"
"600006",2005-09-08,"3.0000","0.000030"
"600006",2005-09-09,"2.9700","0.000030"
"600006",2005-09-12,"3.0300","0.000030"
"600006",2005-09-13,"3.1100","0.000030"
"600006",2005-09-14,"3.2800","0.000030"
"600006",2005-09-15,"3.2500","0.000031"
"600006",2005-09-16,"3.3000","0.000031"
"600006",2005-09-19,"3.3100","0.000031"
"600006",2005-09-20,"3.2500","0.000031"
"600006",2005-09-21,"3.1500","0.000031"
"600006",2005-09-22,"3.0600","0.000032"
"600006",2005-09-23,"3.0400","0.000032"
"600006",2005-09-26,"3.0100","0.000032"
"600006",2005-09-27,"2.9400","0.000032"
"600006",2005-09-28,"2.9300","0.000032"
"600006",2005-09-29,"3.0100","0.000032"
"600006",2005-09-30,"3.0400","0.000032"
"600006",2005-10-10,"2.9600","0.000032"
"600006",2005-10-11,"3.0000","0.000032"
"600006",2005-10-12,"2.9100","0.000032"
"600006",2005-10-13,"2.8900","0.000032"
"600006",2005-10-14,"2.7300","0.000032"
"600006",2005-10-17,"2.6800","0.000032"
"600006",2005-10-18,"2.7200","0.000032"
"600006",2005-10-19,"2.6700","0.000032"
"600006",2005-10-20,"2.6800","0.000032"
"600006",2005-10-21,"2.7100","0.000032"
"600006",2005-10-24,"2.7500","0.000032"
"600006",2005-10-25,"2.6900","0.000032"
"600006",2005-10-26,"2.6200","0.000032"
"600006",2005-10-27,"2.6500","0.000032"
"600006",2005-10-28,"2.6300","0.000032"
"600006",2005-10-29,,
"600006",2005-10-31,"2.6200","0.000032"
"600006",2005-11-01,"2.6800","0.000032"
"600006",2005-11-02,"2.7000","0.000032"
"600006",2005-11-03,"2.6200","0.000034"
"600006",2005-11-04,"2.6500","0.000034"
"600006",2005-11-07,"2.6300","0.000034"
"600006",2005-11-08,"2.6800","0.000034"
"600006",2005-11-09,"2.6600","0.000034"
"600006",2005-11-10,"2.5900","0.000037"
"600006",2005-11-11,"2.6300","0.000037"
"600006",2005-11-14,"2.6200","0.000037"
"600006",2005-11-15,"2.6100","0.000037"
"600006",2005-11-16,"2.6400","0.000037"
"600006",2005-11-17,"2.6500","0.000041"
"600006",2005-11-18,"2.7000","0.000041"
"600006",2005-11-21,"2.6700","0.000041"
"600006",2005-11-22,"2.6300","0.000041"
"600006",2005-11-23,"2.6300","0.000041"
"600006",2005-11-24,"2.6200","0.000044"
"600006",2005-11-25,"2.6200","0.000044"
"600006",2005-11-28,"2.6600","0.000044"
"600006",2005-11-29,"2.6100","0.000044"
"600006",2005-11-30,"2.6100","0.000044"
"600006",2005-12-01,"2.6000","0.000050"
"600006",2005-12-02,"2.5800","0.000050"
"600006",2005-12-05,"2.5400","0.000050"
"600006",2005-12-06,"2.5600","0.000050"
"600006",2005-12-07,"2.5800","0.000050"
"600006",2005-12-08,"2.5400","0.000050"
"600006",2005-12-09,"2.5700","0.000050"
"600006",2005-12-12,"2.5800","0.000050"
"600006",2005-12-13,"2.6200","0.000050"
"600006",2005-12-14,"2.6300","0.000050"
"600006",2005-12-15,"2.6300","0.000050"
"600006",2005-12-16,"2.7200","0.000050"
"600006",2005-12-19,"2.7400","0.000050"
"600006",2005-12-20,"2.7100","0.000050"
"600006",2005-12-21,"2.6800","0.000050"
"600006",2005-12-22,"2.7000","0.000050"
"600006",2005-12-23,"2.7000","0.000050"
"600006",2005-12-26,"2.7500","0.000050"
"600006",2005-12-27,"2.7400","0.000050"
"600006",2005-12-28,"2.7600","0.000050"
"600006",2005-12-29,"2.7900","0.000050"
"600006",2005-12-30,"2.8000","0.000050"
"600006",2005-12-31,,
"600006",2006-01-04,"2.8000","0.000050"
"600006",2006-01-05,"2.8400","0.000050"
"600006",2006-01-06,"2.8800","0.000050"
"600006",2006-01-09,"2.8900","0.000050"
"600006",2006-01-10,"2.8700","0.000050"
"600006",2006-01-11,"2.8700","0.000050"
"600006",2006-01-12,"2.9600","0.000050"
"600006",2006-01-13,"2.9400","0.000050"
"600006",2006-01-16,"2.8200","0.000050"
"600006",2006-01-17,"2.8300","0.000050"
"600006",2006-01-18,"2.9300","0.000050"
"600006",2006-01-19,"2.9100","0.000050"
"600006",2006-01-20,"2.9200","0.000050"
"600006",2006-01-23,"2.8600","0.000050"
"600006",2006-01-24,"2.8700","0.000050"
"600006",2006-01-25,"2.9500","0.000050"
"600006",2006-02-06,"3.0300","0.000050"
"600006",2006-02-07,"3.1200","0.000050"
"600006",2006-02-08,"3.1500","0.000050"
"600006",2006-02-09,"3.0900","0.000047"
"600006",2006-02-10,"3.0900","0.000047"
"600006",2006-02-13,"3.0500","0.000047"
"600006",2006-02-14,"3.1100","0.000047"
"600006",2006-02-15,"3.0800","0.000047"
"600006",2006-02-16,"2.9400","0.000047"
"600006",2006-02-17,"2.9000","0.000047"
"600006",2006-02-20,"2.9200","0.000047"
"600006",2006-02-21,"2.9700","0.000047"
"600006",2006-02-22,"2.9300","0.000047"
"600006",2006-02-23,"3.0000","0.000048"
"600006",2006-02-24,"3.0300","0.000048"
"600006",2006-02-27,"3.0600","0.000048"
"600006",2006-02-28,"3.0700","0.000048"
"600006",2006-03-01,"3.0500","0.000048"
"600006",2006-03-02,"3.0200","0.000047"
"600006",2006-03-03,"3.0000","0.000047"
"600006",2006-03-06,"2.9500","0.000047"
"600006",2006-03-07,"2.8800","0.000047"
"600006",2006-03-08,"2.8100","0.000047"
"600006",2006-03-09,"2.8400","0.000047"
"600006",2006-03-10,"2.8200","0.000047"
"600006",2006-03-13,"2.8800","0.000047"
"600006",2006-03-14,"2.9500","0.000047"
"600006",2006-03-15,"3.0100","0.000047"
"600006",2006-03-16,"2.9700","0.000047"
"600006",2006-03-17,"2.9300","0.000047"
"600006",2006-03-20,"2.9500","0.000047"
"600006",2006-03-21,"3.0100","0.000047"
"600006",2006-03-22,"3.0000","0.000047"
"600006",2006-03-23,"2.9900","0.000048"
"600006",2006-03-24,"2.9100","0.000048"
"600006",2006-03-27,"2.9000","0.000048"
"600006",2006-03-28,"2.8700","0.000048"
"600006",2006-03-29,"2.8900","0.000048"
"600006",2006-03-30,"2.8400","0.000050"
"600006",2006-03-31,"2.8000","0.000050"
"600006",2006-04-03,"2.8400","0.000050"
"600006",2006-04-04,"2.8700","0.000050"
"600006",2006-04-05,"2.8500","0.000050"
"600006",2006-04-06,"2.8600","0.000050"
"600006",2006-04-07,"2.8900","0.000050"
"600006",2006-04-10,"3.0000","0.000050"
"600006",2006-04-11,"2.9700","0.000050"
"600006",2006-04-12,"2.9500","0.000050"
"600006",2006-04-13,"2.9900","0.000051"
"600006",2006-04-14,"3.0600","0.000051"
"600006",2006-04-17,"3.2100","0.000051"
"600006",2006-04-18,"3.1500","0.000051"
"600006",2006-04-19,"3.2700","0.000051"
"600006",2006-04-20,"3.2300","0.000052"
"600006",2006-04-21,"3.1700","0.000052"
"600006",2006-04-24,"3.0700","0.000052"
"600006",2006-04-25,"2.9900","0.000052"
"600006",2006-04-26,"3.1400","0.000052"
"600006",2006-04-27,"3.2300","0.000054"
"600006",2006-04-28,"3.1300","0.000054"
"600006",2006-05-08,"3.1800","0.000054"
"600006",2006-05-09,"3.3000","0.000054"
"600006",2006-05-10,"3.3100","0.000054"
"600006",2006-05-11,"3.3600","0.000055"
"600006",2006-05-12,"3.6200","0.000055"
"600006",2006-05-15,"3.8100","0.000055"
"600006",2006-05-16,"3.5700","0.000055"
"600006",2006-05-17,"3.7100","0.000055"
"600006",2006-05-18,,"0.000055"
"600006",2006-05-19,"3.8500","0.000055"
"600006",2006-05-22,"4.2400","0.000055"
"600006",2006-05-23,"4.0700","0.000055"
"600006",2006-05-24,"3.8000","0.000055"
"600006",2006-05-25,"3.7900","0.000056"
"600006",2006-05-26,"3.9000","0.000056"
"600006",2006-05-29,"4.1000","0.000056"
"600006",2006-05-30,"4.0900","0.000056"
"600006",2006-05-31,"4.1000","0.000056"
"600006",2006-06-01,"4.2400","0.000057"
"600006",2006-06-02,"4.2900","0.000057"
"600006",2006-06-05,"4.2800","0.000057"
"600006",2006-06-06,"4.3600","0.000057"
"600006",2006-06-07,"3.9700","0.000057"
"600006",2006-06-08,"3.8500","0.000058"
"600006",2006-06-09,"3.7500","0.000058"
"600006",2006-06-12,"3.6800","0.000058"
"600006",2006-06-13,"3.7400","0.000058"
"600006",2006-06-14,"3.8100","0.000058"
"600006",2006-06-15,"3.8300","0.000059"
"600006",2006-06-16,"3.9100","0.000059"
"600006",2006-06-19,"3.9000","0.000059"
"600006",2006-06-20,"3.7500","0.000059"
"600006",2006-06-21,"3.7200","0.000059"
"600006",2006-06-22,"3.8000","0.000062"
"600006",2006-06-23,"3.8100","0.000062"
"600006",2006-06-26,"3.8800","0.000062"
"600006",2006-06-27,"3.8300","0.000062"
"600006",2006-06-28,"3.8200","0.000062"
"600006",2006-06-29,"3.9500","0.000064"
"600006",2006-06-30,"3.9000","0.000064"
"600006",2006-07-03,"3.9200","0.000064"
"600006",2006-07-04,"3.9700","0.000064"
"600006",2006-07-05,"3.9400","0.000064"
"600006",2006-07-06,"4.0200","0.000066"
"600006",2006-07-07,"4.0100","0.000066"
"600006",2006-07-10,"4.0100","0.000066"
"600006",2006-07-11,"4.0400","0.000066"
"600006",2006-07-12,"4.0200","0.000066"
"600006",2006-07-13,"3.8200","0.000065"
"600006",2006-07-14,"3.7900","0.000065"
"600006",2006-07-17,"3.7900","0.000065"
"600006",2006-07-18,"3.7200","0.000065"
"600006",2006-07-19,"3.5600","0.000065"
"600006",2006-07-20,"3.6000","0.000065"
"600006",2006-07-21,"3.6400","0.000065"
"600006",2006-07-24,"3.5900","0.000065"
"600006",2006-07-25,"3.6600","0.000065"
"600006",2006-07-26,"3.7100","0.000065"
"600006",2006-07-27,"3.6600","0.000065"
"600006",2006-07-28,"3.6100","0.000065"
"600006",2006-07-31,"3.4400","0.000065"
"600006",2006-08-01,"3.3600","0.000065"
"600006",2006-08-02,"3.4000","0.000065"
"600006",2006-08-03,"3.3700","0.000066"
"600006",2006-08-04,"3.2000","0.000066"
"600006",2006-08-07,"3.0700","0.000066"
"600006",2006-08-08,"3.1800","0.000066"
"600006",2006-08-09,"3.1700","0.000066"
"600006",2006-08-10,"3.3900","0.000066"
"600006",2006-08-11,"3.4000","0.000066"
"600006",2006-08-14,"3.2500","0.000066"
"600006",2006-08-15,"3.3100","0.000066"
"600006",2006-08-16,"3.3600","0.000066"
"600006",2006-08-17,"3.3200","0.000068"
"600006",2006-08-18,"3.2800","0.000068"
"600006",2006-08-21,"3.2700","0.000068"
"600006",2006-08-22,"3.3100","0.000068"
"600006",2006-08-23,"3.3100","0.000068"
"600006",2006-08-24,"3.3800","0.000069"
"600006",2006-08-25,"3.3800","0.000069"
"600006",2006-08-28,"3.4100","0.000069"
"600006",2006-08-29,"3.4600","0.000069"
"600006",2006-08-30,"3.4800","0.000069"
"600006",2006-08-31,"3.4500","0.000069"
"600006",2006-09-01,"3.4300","0.000069"
"600006",2006-09-04,"3.4700","0.000069"
"600006",2006-09-05,"3.4800","0.000069"
"600006",2006-09-06,"3.5100","0.000069"
"600006",2006-09-07,"3.4400","0.000068"
"600006",2006-09-08,"3.4400","0.000068"
"600006",2006-09-11,"3.4200","0.000068"
"600006",2006-09-12,"3.4600","0.000068"
"600006",2006-09-13,"3.4800","0.000068"
"600006",2006-09-14,"3.4700","0.000067"
"600006",2006-09-15,"3.5200","0.000067"
"600006",2006-09-18,"3.6100","0.000067"
"600006",2006-09-19,"3.6000","0.000067"
"600006",2006-09-20,"3.7200","0.000067"
"600006",2006-09-21,"3.7400","0.000067"
"600006",2006-09-22,"3.7900","0.000067"
"600006",2006-09-25,,"0.000067"
"600006",2006-09-26,,"0.000067"
"600006",2006-09-27,,"0.000067"
"600006",2006-09-28,,"0.000067"
"600006",2006-09-29,,"0.000067"
"600006",2006-09-30,,
"600006",2006-10-09,,"0.000072"
"600006",2006-10-10,,"0.000072"
"600006",2006-10-11,,"0.000072"
"600006",2006-10-12,,"0.000072"
"600006",2006-10-13,,"0.000072"
"600006",2006-10-16,"3.7600","0.000072"
"600006",2006-10-17,"3.6700","0.000073"
"600006",2006-10-18,"3.7000","0.000073"
"600006",2006-10-19,"3.7000","0.000073"
"600006",2006-10-20,"3.6400","0.000073"
"600006",2006-10-23,,"0.000073"
"600006",2006-10-24,,"0.000073"
"600006",2006-10-25,,"0.000073"
"600006",2006-10-26,,"0.000073"
"600006",2006-10-27,,"0.000073"
"600006",2006-10-30,,"0.000073"
"600006",2006-10-31,,"0.000073"
"600006",2006-11-01,,"0.000073"
"600006",2006-11-02,,"0.000073"
"600006",2006-11-03,,"0.000073"
"600006",2006-11-06,,"0.000073"
"600006",2006-11-07,,"0.000074"
"600006",2006-11-08,,"0.000074"
"600006",2006-11-09,,"0.000075"
"600006",2006-11-10,,"0.000075"
"600006",2006-11-13,"2.6500","0.000075"
"600006",2006-11-14,"2.6800","0.000076"
"600006",2006-11-15,"2.6800","0.000076"
"600006",2006-11-16,"2.6800","0.000076"
"600006",2006-11-17,"2.8100","0.000076"
"600006",2006-11-20,"2.8200","0.000076"
"600006",2006-11-21,"2.8000","0.000076"
"600006",2006-11-22,"2.8200","0.000076"
"600006",2006-11-23,"2.8800","0.000077"
"600006",2006-11-24,"2.8900","0.000077"
"600006",2006-11-27,"2.8800","0.000077"
"600006",2006-11-28,"2.8500","0.000077"
"600006",2006-11-29,"2.8500","0.000077"
"600006",2006-11-30,"2.9700","0.000077"
"600006",2006-12-01,"2.9600","0.000077"
"600006",2006-12-04,"3.0500","0.000077"
"600006",2006-12-05,"3.0700","0.000077"
"600006",2006-12-06,"2.9600","0.000077"
"600006",2006-12-07,"2.9800","0.000077"
"600006",2006-12-08,"2.8600","0.000077"
"600006",2006-12-11,"2.9300","0.000077"
"600006",2006-12-12,"2.9500","0.000077"
"600006",2006-12-13,"3.0400","0.000077"
"600006",2006-12-14,"3.3400","0.000077"
"600006",2006-12-15,"3.3000","0.000077"
"600006",2006-12-18,"3.3200","0.000077"
"600006",2006-12-19,"3.2800","0.000077"
"600006",2006-12-20,"3.3200","0.000077"
"600006",2006-12-21,"3.2300","0.000077"
"600006",2006-12-22,"3.1900","0.000077"
"600006",2006-12-25,"3.2400","0.000077"
"600006",2006-12-26,"3.2300","0.000077"
"600006",2006-12-27,"3.2700","0.000077"
"600006",2006-12-28,"3.1700","0.000077"
"600006",2006-12-29,"3.2200","0.000077"
"600006",2006-12-31,,
"600006",2007-01-04,"3.3800","0.000077"
"600006",2007-01-05,"3.5000","0.000077"
"600006",2007-01-08,"3.5900","0.000077"
"600006",2007-01-09,"3.6400","0.000077"
"600006",2007-01-10,"3.7300","0.000077"
"600006",2007-01-11,"3.6300","0.000077"
"600006",2007-01-12,"3.7800","0.000077"
"600006",2007-01-15,"4.1400","0.000077"
"600006",2007-01-16,"4.1300","0.000077"
"600006",2007-01-17,"4.0100","0.000077"
"600006",2007-01-18,"4.1000","0.000077"
"600006",2007-01-19,"4.4500","0.000077"
"600006",2007-01-22,"4.6200","0.000077"
"600006",2007-01-23,"4.5200","0.000077"
"600006",2007-01-24,"4.5200","0.000077"
"600006",2007-01-25,"4.2900","0.000077"
"600006",2007-01-26,"4.4500","0.000077"
"600006",2007-01-29,"4.5100","0.000077"
"600006",2007-01-30,"4.3400","0.000077"
"600006",2007-01-31,"4.0000","0.000077"
"600006",2007-02-01,"4.0000","0.000077"
"600006",2007-02-02,"3.8300","0.000077"
"600006",2007-02-05,"3.9300","0.000077"
"600006",2007-02-06,"4.0900","0.000077"
"600006",2007-02-07,"4.1200","0.000077"
"600006",2007-02-08,"4.2200","0.000077"
"600006",2007-02-09,"4.3400","0.000078"
"600006",2007-02-12,"4.3700","0.000079"
"600006",2007-02-13,"4.3600","0.000079"
"600006",2007-02-14,"4.4600","0.000079"
"600006",2007-02-15,"4.6200","0.000079"
"600006",2007-02-16,"5.0800","0.000079"
"600006",2007-02-26,"5.5100","0.000078"
"600006",2007-02-27,"4.9600","0.000078"
"600006",2007-02-28,"5.2600","0.000078"
"600006",2007-03-01,"5.0700","0.000078"
"600006",2007-03-02,"5.0900","0.000078"
"600006",2007-03-05,"5.1100","0.000078"
"600006",2007-03-06,"4.9900","0.000078"
"600006",2007-03-07,"5.0800","0.000077"
"600006",2007-03-08,"5.2100","0.000077"
"600006",2007-03-09,"5.1700","0.000077"
"600006",2007-03-12,"5.1400","0.000077"
"600006",2007-03-13,"5.4700","0.000077"
"600006",2007-03-14,"5.3400","0.000077"
"600006",2007-03-15,"5.6300","0.000077"
"600006",2007-03-16,"5.3900","0.000077"
"600006",2007-03-19,"5.3900","0.000078"
"600006",2007-03-20,"5.6500","0.000078"
"600006",2007-03-21,"6.0000","0.000078"
"600006",2007-03-22,"5.9800","0.000078"
"600006",2007-03-23,"6.0000","0.000078"
"600006",2007-03-26,"6.2500","0.000078"
"600006",2007-03-27,"6.7800","0.000078"
"600006",2007-03-28,"6.6200","0.000078"
"600006",2007-03-29,"6.3800","0.000078"
"600006",2007-03-30,"6.4400","0.000078"
"600006",2007-03-31,,
"600006",2007-04-02,"6.7900","0.000078"
"600006",2007-04-03,"6.9200","0.000078"
"600006",2007-04-04,"6.8900","0.000078"
"600006",2007-04-05,"6.9100","0.000079"
"600006",2007-04-06,"6.9800","0.000079"
"600006",2007-04-09,"7.1900","0.000079"
"600006",2007-04-10,"7.2700","0.000079"
"600006",2007-04-11,"7.5100","0.000079"
"600006",2007-04-12,"7.5200","0.000079"
"600006",2007-04-13,"7.3600","0.000079"
"600006",2007-04-16,"7.4000","0.000079"
"600006",2007-04-17,"7.5300","0.000079"
"600006",2007-04-18,"7.8400","0.000080"
"600006",2007-04-19,"7.1900","0.000080"
"600006",2007-04-20,"7.6800","0.000081"
"600006",2007-04-23,"8.2400","0.000081"
"600006",2007-04-24,"8.4700","0.000081"
"600006",2007-04-25,"8.3400","0.000082"
"600006",2007-04-26,"8.3800","0.000081"
"600006",2007-04-27,"8.1900","0.000081"
"600006",2007-04-28,,
"600006",2007-04-30,"8.1300","0.000081"
"600006",2007-05-08,"8.8800","0.000081"
"600006",2007-05-09,"9.3000","0.000081"
"600006",2007-05-10,"9.3100","0.000081"
"600006",2007-05-11,"9.1100","0.000081"
"600006",2007-05-14,"9.2400","0.000081"
"600006",2007-05-15,"8.7800","0.000081"
"600006",2007-05-16,"8.9900","0.000081"
"600006",2007-05-17,"9.3900","0.000081"
"600006",2007-05-18,"9.8300","0.000081"
"600006",2007-05-21,"10.1200","0.000082"
"600006",2007-05-22,"10.0300","0.000082"
"600006",2007-05-23,"10.3100","0.000083"
"600006",2007-05-24,"10.1200","0.000083"
"600006",2007-05-25,"10.0400","0.000083"
"600006",2007-05-28,"10.2500","0.000083"
"600006",2007-05-29,"10.2900","0.000083"
"600006",2007-05-30,"9.2600","0.000083"
"600006",2007-05-31,"8.6700","0.000083"
"600006",2007-06-01,"7.8000","0.000083"
"600006",2007-06-04,"7.0200","0.000084"
"600006",2007-06-05,"7.3600","0.000084"
"600006",2007-06-06,,"0.000084"
"600006",2007-06-07,"7.7700","0.000084"
"600006",2007-06-08,"7.8500","0.000084"
"600006",2007-06-11,"7.7900","0.000084"
"600006",2007-06-12,"8.1400","0.000084"
"600006",2007-06-13,"8.4600","0.000084"
"600006",2007-06-14,"8.2000","0.000084"
"600006",2007-06-15,"7.9900","0.000084"
"600006",2007-06-18,"8.4200","0.000084"
"600006",2007-06-19,"8.5100","0.000084"
"600006",2007-06-20,"8.1100","0.000084"
"600006",2007-06-21,"8.0300","0.000084"
"600006",2007-06-22,"7.4400","0.000084"
"600006",2007-06-25,"6.7400","0.000084"
"600006",2007-06-26,"7.1000","0.000084"
"600006",2007-06-27,"7.3200","0.000084"
"600006",2007-06-28,"6.7000","0.000084"
"600006",2007-06-29,"6.6400","0.000085"
"600006",2007-06-30,,
"600006",2007-07-02,"6.8800","0.000085"
"600006",2007-07-03,"6.9200","0.000085"
"600006",2007-07-04,"6.7000","0.000085"
"600006",2007-07-05,"6.0300","0.000085"
"600006",2007-07-06,"6.4800","0.000085"
"600006",2007-07-09,"6.9300","0.000086"
"600006",2007-07-10,"6.6100","0.000086"
"600006",2007-07-11,"6.7000","0.000086"
"600006",2007-07-12,"6.7500","0.000086"
"600006",2007-07-13,"6.9000","0.000086"
"600006",2007-07-16,"6.9100","0.000086"
"600006",2007-07-17,"6.9200","0.000086"
"600006",2007-07-18,"6.9400","0.000086"
"600006",2007-07-19,"6.7200","0.000086"
"600006",2007-07-20,"6.9100","0.000086"
"600006",2007-07-23,"7.6000","0.000087"
"600006",2007-07-24,"7.4400","0.000087"
"600006",2007-07-25,"7.6000","0.000087"
"600006",2007-07-26,"8.0200","0.000087"
"600006",2007-07-27,"8.1000","0.000087"
"600006",2007-07-30,"8.1600","0.000088"
"600006",2007-07-31,"8.0500","0.000087"
"600006",2007-08-01,"7.4500","0.000088"
"600006",2007-08-02,"7.8000","0.000087"
"600006",2007-08-03,"7.7700","0.000088"
"600006",2007-08-06,"7.9300","0.000088"
"600006",2007-08-07,"7.7400","0.000087"
"600006",2007-08-08,"8.1000","0.000088"
"600006",2007-08-09,"7.9400","0.000088"
"600006",2007-08-10,"7.9900","0.000088"
"600006",2007-08-13,"8.3300","0.000088"
"600006",2007-08-14,"8.3800","0.000088"
"600006",2007-08-15,"8.1300","0.000088"
"600006",2007-08-16,"8.1800","0.000088"
"600006",2007-08-17,"8.1800","0.000088"
"600006",2007-08-20,"8.4200","0.000088"
"600006",2007-08-21,"8.3200","0.000088"
"600006",2007-08-22,"8.4100","0.000089"
"600006",2007-08-23,"8.5400","0.000089"
"600006",2007-08-24,"8.5700","0.000089"
"600006",2007-08-27,"8.8700","0.000089"
"600006",2007-08-28,"8.7400","0.000089"
"600006",2007-08-29,"8.6800","0.000090"
"600006",2007-08-30,"9.0400","0.000090"
"600006",2007-08-31,"9.0700","0.000090"
"600006",2007-09-03,"9.3300","0.000090"
"600006",2007-09-04,"9.6800","0.000090"
"600006",2007-09-05,"10.0000","0.000090"
"600006",2007-09-06,"9.9700","0.000090"
"600006",2007-09-07,"10.2400","0.000091"
"600006",2007-09-10,"10.5400","0.000092"
"600006",2007-09-11,"9.5500","0.000092"
"600006",2007-09-12,"9.5600","0.000092"
"600006",2007-09-13,"9.5800","0.000092"
"600006",2007-09-14,"9.5000","0.000093"
"600006",2007-09-17,"9.9900","0.000095"
"600006",2007-09-18,"10.3700","0.000096"
"600006",2007-09-19,"10.0900","0.000097"
"600006",2007-09-20,"10.2800","0.000099"
"600006",2007-09-21,"10.3000","0.000103"
"600006",2007-09-24,"10.0200","0.000104"
"600006",2007-09-25,"9.9200","0.000105"
"600006",2007-09-26,"9.4300","0.000106"
"600006",2007-09-27,,"0.000106"
"600006",2007-09-28,"9.7900","0.000106"
"600006",2007-09-30,,
"600006",2007-10-08,"9.5600","0.000105"
"600006",2007-10-09,"9.4600","0.000106"
"600006",2007-10-10,"9.4300","0.000106"
"600006",2007-10-11,"9.3000","0.000106"
"600006",2007-10-12,"9.0300","0.000106"
"600006",2007-10-15,"9.2400","0.000106"
"600006",2007-10-16,"9.2400","0.000106"
"600006",2007-10-17,"9.2700","0.000106"
"600006",2007-10-18,"9.1500","0.000106"
"600006",2007-10-19,"8.8500","0.000106"
"600006",2007-10-22,"8.6200","0.000106"
"600006",2007-10-23,"8.5000","0.000107"
"600006",2007-10-24,"8.2000","0.000107"
"600006",2007-10-25,"7.3900","0.000108"
"600006",2007-10-26,"7.7000","0.000110"
"600006",2007-10-29,"7.8500","0.000110"
"600006",2007-10-30,"7.9200","0.000110"
"600006",2007-10-31,"8.1300","0.000111"
"600006",2007-11-01,"7.5900","0.000112"
"600006",2007-11-02,"7.3900","0.000112"
"600006",2007-11-05,"7.6400","0.000113"
"600006",2007-11-06,"7.7400","0.000113"
"600006",2007-11-07,"7.7100","0.000114"
"600006",2007-11-08,"7.3400","0.000115"
"600006",2007-11-09,"7.4000","0.000116"
"600006",2007-11-12,"7.1400","0.000116"
"600006",2007-11-13,"7.1400","0.000117"
"600006",2007-11-14,"7.4300","0.000117"
"600006",2007-11-15,"7.3800","0.000118"
"600006",2007-11-16,"7.4300","0.000118"
"600006",2007-11-19,"7.6900","0.000118"
"600006",2007-11-20,"7.8300","0.000118"
"600006",2007-11-21,"7.6600","0.000118"
"600006",2007-11-22,"7.2500","0.000118"
"600006",2007-11-23,"7.4400","0.000119"
"600006",2007-11-26,"7.3500","0.000119"
"600006",2007-11-27,,"0.000119"
"600006",2007-11-28,"7.2900","0.000119"
"600006",2007-11-29,"7.5600","0.000119"
"600006",2007-11-30,"7.3600","0.000119"
"600006",2007-12-03,"7.4000","0.000119"
"600006",2007-12-04,"7.4600","0.000119"
"600006",2007-12-05,"7.6700","0.000119"
"600006",2007-12-06,"7.6700","0.000119"
"600006",2007-12-07,"7.7600","0.000119"
"600006",2007-12-10,"7.9900","0.000119"
"600006",2007-12-11,"7.9500","0.000119"
"600006",2007-12-12,"8.0200","0.000119"
"600006",2007-12-13,"7.8400","0.000119"
"600006",2007-12-14,"8.0100","0.000119"
"600006",2007-12-17,"8.0700","0.000119"
"600006",2007-12-18,"7.9700","0.000119"
"600006",2007-12-19,"8.2200","0.000119"
"600006",2007-12-20,"8.3100","0.000119"
"600006",2007-12-21,"8.3300","0.000120"
"600006",2007-12-24,"8.3600","0.000121"
"600006",2007-12-25,"8.4500","0.000121"
"600006",2007-12-26,"8.7100","0.000121"
"600006",2007-12-27,"8.8000","0.000121"
"600006",2007-12-28,"8.6700","0.000121"
"600006",2007-12-31,,
"600006",2008-01-02,"8.7900","0.000122"
"600006",2008-01-03,"9.0600","0.000122"
"600006",2008-01-04,"8.9800","0.000122"
"600006",2008-01-07,"9.0800","0.000122"
"600006",2008-01-08,"8.9800","0.000122"
"600006",2008-01-09,"9.3300","0.000122"
"600006",2008-01-10,"9.3900","0.000122"
"600006",2008-01-11,"9.2400","0.000122"
"600006",2008-01-14,"9.2500","0.000122"
"600006",2008-01-15,"9.1500","0.000123"
"600006",2008-01-16,"8.8200","0.000123"
"600006",2008-01-17,"8.5900","0.000123"
"600006",2008-01-18,"8.7400","0.000123"
"600006",2008-01-21,"8.2000","0.000123"
"600006",2008-01-22,"7.3800","0.000123"
"600006",2008-01-23,"7.7600","0.000123"
"600006",2008-01-24,"7.9700","0.000123"
"600006",2008-01-25,"7.9700","0.000123"
"600006",2008-01-28,"7.3300","0.000123"
"600006",2008-01-29,"7.5400","0.000123"
"600006",2008-01-30,"7.6400","0.000123"
"600006",2008-01-31,"7.5000","0.000123"
"600006",2008-02-01,"7.3100","0.000123"
"600006",2008-02-04,"7.9400","0.000123"
"600006",2008-02-05,"7.7900","0.000123"
"600006",2008-02-13,"7.7700","0.000123"
"600006",2008-02-14,"7.9400","0.000123"
"600006",2008-02-15,"7.8000","0.000123"
"600006",2008-02-18,"7.9600","0.000123"
"600006",2008-02-19,"8.1400","0.000123"
"600006",2008-02-20,"7.9100","0.000123"
"600006",2008-02-21,"7.8800","0.000123"
"600006",2008-02-22,"7.6900","0.000123"
"600006",2008-02-25,"7.3900","0.000123"
"600006",2008-02-26,"7.5900","0.000123"
"600006",2008-02-27,"7.7500","0.000123"
"600006",2008-02-28,"7.7900","0.000123"
"600006",2008-02-29,"7.9300","0.000123"
"600006",2008-03-03,"8.0500","0.000123"
"600006",2008-03-04,"7.8900","0.000123"
"600006",2008-03-05,"7.8200","0.000123"
"600006",2008-03-06,"8.1600","0.000123"
"600006",2008-03-07,"7.9200","0.000123"
"600006",2008-03-10,"7.6700","0.000123"
"600006",2008-03-11,"7.7500","0.000123"
"600006",2008-03-12,"7.5400","0.000123"
"600006",2008-03-13,"7.3100","0.000123"
"600006",2008-03-14,"7.3000","0.000123"
"600006",2008-03-17,"6.8300","0.000123"
"600006",2008-03-18,"6.3000","0.000123"
"600006",2008-03-19,"6.4800","0.000123"
"600006",2008-03-20,"6.6300","0.000123"
"600006",2008-03-21,"6.7200","0.000123"
"600006",2008-03-24,"6.5100","0.000123"
"600006",2008-03-25,"6.6200","0.000123"
"600006",2008-03-26,"6.5100","0.000123"
"600006",2008-03-27,"6.1500","0.000123"
"600006",2008-03-28,"6.3300","0.000123"
"600006",2008-03-29,,
"600006",2008-03-31,"6.0600","0.000123"
"600006",2008-04-01,"5.5800","0.000123"
"600006",2008-04-02,"5.4600","0.000123"
"600006",2008-04-03,"5.6900","0.000123"
"600006",2008-04-07,"6.0500","0.000123"
"600006",2008-04-08,"6.0600","0.000123"
"600006",2008-04-09,"5.7000","0.000123"
"600006",2008-04-10,"5.8600","0.000123"
"600006",2008-04-11,"5.9300","0.000123"
"600006",2008-04-14,"5.5500","0.000123"
"600006",2008-04-15,"5.7000","0.000123"
"600006",2008-04-16,"5.5200","0.000123"
"600006",2008-04-17,"5.3500","0.000123"
"600006",2008-04-18,"5.0300","0.000123"
"600006",2008-04-21,"5.0900","0.000123"
"600006",2008-04-22,"5.0700","0.000123"
"600006",2008-04-23,"5.2200","0.000123"
"600006",2008-04-24,"5.7400","0.000123"
"600006",2008-04-25,"5.7400","0.000123"
"600006",2008-04-26,,
"600006",2008-04-28,"5.5900","0.000123"
"600006",2008-04-29,"5.6700","0.000123"
"600006",2008-04-30,"5.9000","0.000123"
"600006",2008-05-05,"6.0500","0.000123"
"600006",2008-05-06,"5.9100","0.000123"
"600006",2008-05-07,"5.6200","0.000123"
"600006",2008-05-08,"5.7100","0.000123"
"600006",2008-05-09,"5.6200","0.000123"
"600006",2008-05-12,"5.7000","0.000123"
"600006",2008-05-13,"5.8900","0.000123"
"600006",2008-05-14,"6.0100","0.000123"
"600006",2008-05-15,"5.8900","0.000123"
"600006",2008-05-16,"5.7800","0.000123"
"600006",2008-05-19,"5.7300","0.000123"
"600006",2008-05-20,"5.4300","0.000123"
"600006",2008-05-21,"5.5100","0.000123"
"600006",2008-05-22,"5.4700","0.000123"
"600006",2008-05-23,"5.3800","0.000123"
"600006",2008-05-26,,"0.000123"
"600006",2008-05-27,"5.2700","0.000123"
"600006",2008-05-28,"5.3700","0.000123"
"600006",2008-05-29,"5.2100","0.000123"
"600006",2008-05-30,"5.2300","0.000123"
"600006",2008-06-02,"5.2900","0.000123"
"600006",2008-06-03,"5.2500","0.000123"
"600006",2008-06-04,"5.1300","0.000123"
"600006",2008-06-05,"5.0800","0.000123"
"600006",2008-06-06,"5.0800","0.000123"
"600006",2008-06-10,"4.5700","0.000123"
"600006",2008-06-11,"4.4900","0.000123"
"600006",2008-06-12,"4.4300","0.000123"
"600006",2008-06-13,"4.3000","0.000122"
"600006",2008-06-16,"4.1800","0.000122"
"600006",2008-06-17,"4.0700","0.000122"
"600006",2008-06-18,"4.3100","0.000122"
"600006",2008-06-19,"4.0000","0.000123"
"600006",2008-06-20,"4.1300","0.000123"
"600006",2008-06-23,"3.8800","0.000123"
"600006",2008-06-24,"3.9400","0.000123"
"600006",2008-06-25,"4.1200","0.000123"
"600006",2008-06-26,"4.1700","0.000123"
"600006",2008-06-27,"3.8900","0.000123"
"600006",2008-06-30,"3.9100","0.000123"
"600006",2008-07-01,"3.8200","0.000123"
"600006",2008-07-02,"3.8900","0.000123"
"600006",2008-07-03,"3.9600","0.000123"
"600006",2008-07-04,"3.9400","0.000123"
"600006",2008-07-07,"4.1000","0.000122"
"600006",2008-07-08,"4.1000","0.000122"
"600006",2008-07-09,"4.2900","0.000122"
"600006",2008-07-10,"4.1700","0.000122"
"600006",2008-07-11,"4.1100","0.000121"
"600006",2008-07-14,"4.1400","0.000121"
"600006",2008-07-15,"4.0500","0.000121"
"600006",2008-07-16,"3.8700","0.000121"
"600006",2008-07-17,"3.8600","0.000121"
"600006",2008-07-18,"3.9800","0.000121"
"600006",2008-07-21,"4.0900","0.000121"
"600006",2008-07-22,"4.1100","0.000121"
"600006",2008-07-23,"4.1100","0.000120"
"600006",2008-07-24,"4.1900","0.000120"
"600006",2008-07-25,"4.1400","0.000120"
"600006",2008-07-28,"4.1900","0.000119"
"600006",2008-07-29,"4.1700","0.000119"
"600006",2008-07-30,"4.1600","0.000119"
"600006",2008-07-31,"3.9900","0.000119"
"600006",2008-08-01,"4.0400","0.000119"
"600006",2008-08-04,"3.9700","0.000119"
"600006",2008-08-05,"3.8800","0.000119"
"600006",2008-08-06,"3.9000","0.000119"
"600006",2008-08-07,"3.9200","0.000118"
"600006",2008-08-08,"3.7100","0.000118"
"600006",2008-08-11,"3.3400","0.000119"
"600006",2008-08-12,"3.3900","0.000118"
"600006",2008-08-13,"3.3700","0.000118"
"600006",2008-08-14,"3.3700","0.000119"
"600006",2008-08-15,"3.3300","0.000118"
"600006",2008-08-18,"3.1000","0.000118"
"600006",2008-08-19,"3.1200","0.000118"
"600006",2008-08-20,"3.3500","0.000118"
"600006",2008-08-21,"3.1800","0.000118"
"600006",2008-08-22,"3.1500","0.000118"
"600006",2008-08-25,"3.2000","0.000118"
"600006",2008-08-26,"3.1100","0.000118"
"600006",2008-08-27,"3.1600","0.000118"
"600006",2008-08-28,"3.1500","0.000118"
"600006",2008-08-29,"3.2500","0.000118"
"600006",2008-09-01,"3.2000","0.000118"
"600006",2008-09-02,"3.2600","0.000118"
"600006",2008-09-03,"3.2600","0.000118"
"600006",2008-09-04,"3.2700","0.000118"
"600006",2008-09-05,"3.1100","0.000118"
"600006",2008-09-08,"3.0900","0.000118"
"600006",2008-09-09,"3.1200","0.000118"
"600006",2008-09-10,"3.1400","0.000118"
"600006",2008-09-11,"3.1400","0.000118"
"600006",2008-09-12,"3.1800","0.000118"
"600006",2008-09-16,"3.1300","0.000118"
"600006",2008-09-17,"3.0500","0.000118"
"600006",2008-09-18,"2.9500","0.000118"
"600006",2008-09-19,"3.2500","0.000118"
"600006",2008-09-22,"3.3300","0.000118"
"600006",2008-09-23,"3.1200","0.000118"
"600006",2008-09-24,"3.1400","0.000118"
"600006",2008-09-25,"3.2300","0.000118"
"600006",2008-09-26,"3.2200","0.000118"
"600006",2008-09-30,,
"600006",2008-10-06,"3.1100","0.000118"
"600006",2008-10-07,"3.0800","0.000118"
"600006",2008-10-08,"3.0200","0.000118"
"600006",2008-10-09,"3.0000","0.000117"
"600006",2008-10-10,"2.8700","0.000117"
"600006",2008-10-13,"2.9400","0.000117"
"600006",2008-10-14,"2.8900","0.000116"
"600006",2008-10-15,"2.9000","0.000116"
"600006",2008-10-16,"2.7800","0.000116"
"600006",2008-10-17,"2.8100","0.000115"
"600006",2008-10-20,"2.8700","0.000115"
"600006",2008-10-21,"2.8600","0.000115"
"600006",2008-10-22,"2.7900","0.000115"
"600006",2008-10-23,"2.8000","0.000115"
"600006",2008-10-24,"2.7900","0.000114"
"600006",2008-10-27,"2.5200","0.000114"
"600006",2008-10-28,"2.5900","0.000114"
"600006",2008-10-29,"2.5200","0.000113"
"600006",2008-10-30,"2.5300","0.000112"
"600006",2008-10-31,"2.5000","0.000111"
"600006",2008-11-03,"2.4600","0.000111"
"600006",2008-11-04,"2.4200","0.000110"
"600006",2008-11-05,"2.4900","0.000109"
"600006",2008-11-06,"2.4600","0.000109"
"600006",2008-11-07,"2.5300","0.000108"
"600006",2008-11-10,"2.7000","0.000108"
"600006",2008-11-11,"2.6300","0.000107"
"600006",2008-11-12,"2.6700","0.000106"
"600006",2008-11-13,"2.7800","0.000105"
"600006",2008-11-14,"2.8900","0.000104"
"600006",2008-11-17,,"0.000103"
"600006",2008-11-18,"2.8400","0.000102"
"600006",2008-11-19,"3.0500","0.000101"
"600006",2008-11-20,"2.9800","0.000100"
"600006",2008-11-21,"2.9100","0.000099"
"600006",2008-11-24,"2.8100","0.000097"
"600006",2008-11-25,"2.7700","0.000096"
"600006",2008-11-26,"2.7800","0.000095"
"600006",2008-11-27,"2.8700","0.000077"
"600006",2008-11-28,"2.8400","0.000075"
"600006",2008-12-01,"2.8800","0.000074"
"600006",2008-12-02,"2.9400","0.000074"
"600006",2008-12-03,"3.0900","0.000073"
"600006",2008-12-04,"3.1500","0.000073"
"600006",2008-12-05,"3.1700","0.000072"
"600006",2008-12-08,"3.2700","0.000071"
"600006",2008-12-09,"3.1700","0.000070"
"600006",2008-12-10,"3.2100","0.000069"
"600006",2008-12-11,"3.1100","0.000067"
"600006",2008-12-12,"2.9700","0.000065"
"600006",2008-12-15,"2.9900","0.000064"
"600006",2008-12-16,"3.0600","0.000063"
"600006",2008-12-17,"3.0500","0.000063"
"600006",2008-12-18,"3.0800","0.000062"
"600006",2008-12-19,"3.1100","0.000060"
"600006",2008-12-22,"3.0600","0.000059"
"600006",2008-12-23,"2.9000","0.000057"
"600006",2008-12-24,"2.8800","0.000055"
"600006",2008-12-25,"2.8800","0.000053"
"600006",2008-12-26,"2.8900","0.000052"
"600006",2008-12-29,"3.0000","0.000051"
"600006",2008-12-30,"2.9400","0.000049"
"600006",2008-12-31,"2.9300","0.000049"
"600006",2009-01-05,"3.0600","0.000047"
"600006",2009-01-06,"3.1500","0.000045"
"600006",2009-01-07,"3.1100","0.000044"
"600006",2009-01-08,"2.9800","0.000044"
"600006",2009-01-09,"3.0400","0.000043"
"600006",2009-01-12,"3.0900","0.000042"
"600006",2009-01-13,"3.1500","0.000041"
"600006",2009-01-14,"3.2000","0.000041"
"600006",2009-01-15,"3.1600","0.000040"
"600006",2009-01-16,"3.1600","0.000040"
"600006",2009-01-19,"3.1500","0.000039"
"600006",2009-01-20,"3.1600","0.000039"
"600006",2009-01-21,"3.1300","0.000039"
"600006",2009-01-22,"3.1500","0.000038"
"600006",2009-01-23,"3.1700","0.000038"
"600006",2009-02-02,"3.2400","0.000037"
"600006",2009-02-03,"3.4900","0.000037"
"600006",2009-02-04,"3.5500","0.000037"
"600006",2009-02-05,"3.5300","0.000037"
"600006",2009-02-06,"3.7300","0.000036"
"600006",2009-02-09,"3.7700","0.000036"
"600006",2009-02-10,"3.7700","0.000036"
"600006",2009-02-11,"3.8200","0.000036"
"600006",2009-02-12,"4.0900","0.000036"
"600006",2009-02-13,"4.3300","0.000036"
"600006",2009-02-16,"4.5100","0.000035"
"600006",2009-02-17,"4.1400","0.000035"
"600006",2009-02-18,"4.0300","0.000035"
"600006",2009-02-19,"4.0800","0.000035"
"600006",2009-02-20,"4.2000","0.000035"
"600006",2009-02-23,"4.2400","0.000035"
"600006",2009-02-24,"4.2900","0.000035"
"600006",2009-02-25,"4.6000","0.000035"
"600006",2009-02-26,"4.1400","0.000035"
"600006",2009-02-27,"3.7400","0.000035"
"600006",2009-03-02,"3.8100","0.000035"
"600006",2009-03-03,"3.8600","0.000035"
"600006",2009-03-04,"4.0800","0.000035"
"600006",2009-03-05,"4.0600","0.000035"
"600006",2009-03-06,"4.0900","0.000035"
"600006",2009-03-09,"3.8900","0.000035"
"600006",2009-03-10,"4.0100","0.000035"
"600006",2009-03-11,"3.9800","0.000034"
"600006",2009-03-12,"3.9400","0.000034"
"600006",2009-03-13,"3.8800","0.000034"
"600006",2009-03-16,"4.0000","0.000034"
"600006",2009-03-17,"4.1100","0.000034"
"600006",2009-03-18,"4.1000","0.000034"
"600006",2009-03-19,"4.2200","0.000034"
"600006",2009-03-20,"4.1000","0.000034"
"600006",2009-03-23,"4.3000","0.000034"
"600006",2009-03-24,"4.2400","0.000034"
"600006",2009-03-25,"4.0900","0.000034"
"600006",2009-03-26,"4.1500","0.000034"
"600006",2009-03-27,"4.1600","0.000034"
"600006",2009-03-30,"4.1000","0.000034"
"600006",2009-03-31,"4.1000","0.000034"
"600006",2009-04-01,"4.1700","0.000034"
"600006",2009-04-02,"4.2800","0.000034"
"600006",2009-04-03,"4.3500","0.000033"
"600006",2009-04-07,"4.3100","0.000033"
"600006",2009-04-08,"4.1500","0.000033"
"600006",2009-04-09,"4.1900","0.000033"
"600006",2009-04-10,"4.2700","0.000033"
"600006",2009-04-13,"4.3500","0.000033"
"600006",2009-04-14,"4.5400","0.000033"
"600006",2009-04-15,"4.5700","0.000033"
"600006",2009-04-16,"4.4700","0.000033"
"600006",2009-04-17,"4.4500","0.000033"
"600006",2009-04-20,"4.5300","0.000033"
"600006",2009-04-21,"4.5800","0.000033"
"600006",2009-04-22,"4.6200","0.000033"
"600006",2009-04-23,"4.5500","0.000033"
"600006",2009-04-24,"4.4300","0.000033"
"600006",2009-04-27,"4.1100","0.000033"
"600006",2009-04-28,"4.1400","0.000033"
"600006",2009-04-29,"4.2900","0.000033"
"600006",2009-04-30,"4.3000","0.000033"
"600006",2009-05-04,"4.3800","0.000033"
"600006",2009-05-05,"4.4600","0.000033"
"600006",2009-05-06,"4.6000","0.000033"
"600006",2009-05-07,"4.4900","0.000033"
"600006",2009-05-08,"4.4500","0.000033"
"600006",2009-05-11,"4.3200","0.000033"
"600006",2009-05-12,"4.4300","0.000033"
"600006",2009-05-13,"4.3800","0.000033"
"600006",2009-05-14,"4.3900","0.000033"
"600006",2009-05-15,"4.5100","0.000033"
"600006",2009-05-18,,"0.000033"
"600006",2009-05-19,"4.8700","0.000033"
"600006",2009-05-20,"5.0500","0.000033"
"600006",2009-05-21,"4.8700","0.000033"
"600006",2009-05-22,"4.9400","0.000033"
"600006",2009-05-25,"4.8000","0.000033"
"600006",2009-05-26,"4.8700","0.000033"
"600006",2009-05-27,"4.8600","0.000033"
"600006",2009-06-01,"4.9100","0.000034"
"600006",2009-06-02,"4.8800","0.000034"
"600006",2009-06-03,"4.8700","0.000034"
"600006",2009-06-04,"4.9500","0.000034"
"600006",2009-06-05,"4.8700","0.000034"
"600006",2009-06-08,"4.7900","0.000034"
"600006",2009-06-09,"4.7900","0.000034"
"600006",2009-06-10,"4.8600","0.000034"
"600006",2009-06-11,"4.8700","0.000034"
"600006",2009-06-12,"4.7000","0.000034"
"600006",2009-06-15,"4.7300","0.000034"
"600006",2009-06-16,"4.7300","0.000034"
"600006",2009-06-17,"4.8200","0.000034"
"600006",2009-06-18,"4.8300","0.000034"
"600006",2009-06-19,"4.8800","0.000034"
"600006",2009-06-22,"4.8400","0.000035"
"600006",2009-06-23,"4.8000","0.000035"
"600006",2009-06-24,"4.8900","0.000035"
"600006",2009-06-25,"4.8200","0.000035"
"600006",2009-06-26,"4.7800","0.000036"
"600006",2009-06-29,"4.8100","0.000036"
"600006",2009-06-30,"4.7200","0.000036"
"600006",2009-07-01,"4.7300","0.000036"
"600006",2009-07-02,"4.7900","0.000036"
"600006",2009-07-03,"4.8500","0.000036"
"600006",2009-07-06,"4.8800","0.000036"
"600006",2009-07-07,"5.0700","0.000037"
"600006",2009-07-08,"5.0900","0.000037"
"600006",2009-07-09,"5.2400","0.000037"
"600006",2009-07-10,"5.1300","0.000038"
"600006",2009-07-13,"5.0600","0.000038"
"600006",2009-07-14,"5.1800","0.000039"
"600006",2009-07-15,"5.3900","0.000039"
"600006",2009-07-16,"5.2400","0.000040"
"600006",2009-07-17,"5.2000","0.000040"
"600006",2009-07-20,"5.3000","0.000041"
"600006",2009-07-21,"5.1200","0.000043"
"600006",2009-07-22,"5.1400","0.000044"
"600006",2009-07-23,"5.2300","0.000044"
"600006",2009-07-24,"5.1200","0.000044"
"600006",2009-07-27,"5.1700","0.000045"
"600006",2009-07-28,"5.3300","0.000045"
"600006",2009-07-29,"5.3000","0.000045"
"600006",2009-07-30,"5.4600","0.000046"
"600006",2009-07-31,"5.5000","0.000046"
"600006",2009-08-03,"5.5400","0.000046"
"600006",2009-08-04,"5.4600","0.000046"
"600006",2009-08-05,"5.4200","0.000046"
"600006",2009-08-06,"5.2700","0.000047"
"600006",2009-08-07,"5.3300","0.000047"
"600006",2009-08-10,"5.3000","0.000047"
"600006",2009-08-11,"5.2900","0.000047"
"600006",2009-08-12,"5.0400","0.000047"
"600006",2009-08-13,"5.0400","0.000047"
"600006",2009-08-14,"4.7600","0.000047"
"600006",2009-08-17,"4.3800","0.000048"
"600006",2009-08-18,"4.4600","0.000048"
"600006",2009-08-19,"4.2300","0.000048"
"600006",2009-08-20,"4.3700","0.000048"
"600006",2009-08-21,"4.5800","0.000047"
"600006",2009-08-24,"5.0400","0.000047"
"600006",2009-08-25,"4.8000","0.000047"
"600006",2009-08-26,"4.9800","0.000047"
"600006",2009-08-27,"4.9300","0.000047"
"600006",2009-08-28,"4.7600","0.000047"
"600006",2009-08-31,"4.3800","0.000047"
"600006",2009-09-01,"4.4300","0.000048"
"600006",2009-09-02,"4.4800","0.000048"
"600006",2009-09-03,"4.6600","0.000048"
"600006",2009-09-04,"4.6700","0.000048"
"600006",2009-09-07,"4.6900","0.000048"
"600006",2009-09-08,,"0.000048"
"600006",2009-09-09,"4.8300","0.000048"
"600006",2009-09-10,"4.7300","0.000048"
"600006",2009-09-11,"4.7700","0.000048"
"600006",2009-09-14,"4.8600","0.000048"
"600006",2009-09-15,"4.8700","0.000048"
"600006",2009-09-16,"4.7900","0.000048"
"600006",2009-09-17,"4.9300","0.000048"
"600006",2009-09-18,"4.8400","0.000048"
"600006",2009-09-21,"4.8700","0.000048"
"600006",2009-09-22,"4.7800","0.000048"
"600006",2009-09-23,"4.6800","0.000048"
"600006",2009-09-24,"4.6100","0.000048"
"600006",2009-09-25,"4.6100","0.000048"
"600006",2009-09-28,"4.4500","0.000048"
"600006",2009-09-29,"4.4000","0.000048"
"600006",2009-09-30,"4.4200","0.000048"
"600006",2009-10-09,"4.6200","0.000049"
"600006",2009-10-12,"4.6500","0.000049"
"600006",2009-10-13,"4.6900","0.000049"
"600006",2009-10-14,"4.7100","0.000049"
"600006",2009-10-15,"4.7600","0.000049"
"600006",2009-10-16,"4.7600","0.000049"
"600006",2009-10-19,"4.8600","0.000049"
"600006",2009-10-20,"4.9600","0.000049"
"600006",2009-10-21,"4.8900","0.000049"
"600006",2009-10-22,"4.9200","0.000049"
"600006",2009-10-23,"5.1200","0.000049"
"600006",2009-10-26,"5.1400","0.000049"
"600006",2009-10-27,"4.9700","0.000049"
"600006",2009-10-28,"5.3900","0.000049"
"600006",2009-10-29,"5.2800","0.000049"
"600006",2009-10-30,"5.5800","0.000049"
"600006",2009-11-02,"6.1400","0.000049"
"600006",2009-11-03,"6.1600","0.000049"
"600006",2009-11-04,"6.0500","0.000049"
"600006",2009-11-05,"6.2600","0.000049"
"600006",2009-11-06,"6.2500","0.000049"
"600006",2009-11-09,"6.3800","0.000049"
"600006",2009-11-10,"6.4600","0.000049"
"600006",2009-11-11,"6.3500","0.000049"
"600006",2009-11-12,"6.3600","0.000049"
"600006",2009-11-13,"6.3200","0.000049"
"600006",2009-11-16,"6.3800","0.000049"
"600006",2009-11-17,"6.3000","0.000049"
"600006",2009-11-18,"6.2300","0.000049"
"600006",2009-11-19,"6.2900","0.000049"
"600006",2009-11-20,"6.3900","0.000049"
"600006",2009-11-23,"7.0300","0.000049"
"600006",2009-11-24,"7.0400","0.000049"
"600006",2009-11-25,"7.1900","0.000049"
"600006",2009-11-26,"6.6400","0.000049"
"600006",2009-11-27,"6.3000","0.000049"
"600006",2009-11-30,"6.6100","0.000049"
"600006",2009-12-01,"6.8200","0.000050"
"600006",2009-12-02,"7.0200","0.000050"
"600006",2009-12-03,"7.3800","0.000050"
"600006",2009-12-04,"7.1200","0.000050"
"600006",2009-12-07,"7.1400","0.000050"
"600006",2009-12-08,"6.9700","0.000050"
"600006",2009-12-09,"7.0700","0.000050"
"600006",2009-12-10,"7.0600","0.000050"
"600006",2009-12-11,"6.9400","0.000050"
"600006",2009-12-14,"6.8700","0.000050"
"600006",2009-12-15,"6.9500","0.000050"
"600006",2009-12-16,"6.8200","0.000050"
"600006",2009-12-17,"6.5200","0.000050"
"600006",2009-12-18,"6.4000","0.000050"
"600006",2009-12-21,"6.3900","0.000050"
"600006",2009-12-22,"6.4200","0.000050"
"600006",2009-12-23,"6.4800","0.000050"
"600006",2009-12-24,"6.9500","0.000050"
"600006",2009-12-25,"7.0000","0.000050"
"600006",2009-12-28,"7.0000","0.000050"
"600006",2009-12-29,"6.9000","0.000050"
"600006",2009-12-30,"6.8700","0.000050"
"600006",2009-12-31,"6.8600","0.000050"
"600006",2010-01-04,"6.9100","0.000050"
"600006",2010-01-05,"6.8700","0.000050"
"600006",2010-01-06,"6.8900","0.000050"
"600006",2010-01-07,"6.5600","0.000050"
"600006",2010-01-08,"6.6200","0.000050"
"600006",2010-01-11,"6.5200","0.000050"
"600006",2010-01-12,"6.6800","0.000051"
"600006",2010-01-13,"6.5200","0.000051"
"600006",2010-01-14,"6.6200","0.000051"
"600006",2010-01-15,"6.7400","0.000051"
"600006",2010-01-18,"6.7600","0.000051"
"600006",2010-01-19,"6.6800","0.000051"
"600006",2010-01-20,"6.5800","0.000051"
"600006",2010-01-21,"6.7600","0.000052"
"600006",2010-01-22,"6.4000","0.000052"
"600006",2010-01-25,"6.2000","0.000052"
"600006",2010-01-26,"5.9000","0.000052"
"600006",2010-01-27,"5.7100","0.000052"
"600006",2010-01-28,"5.7700","0.000052"
"600006",2010-01-29,"5.8200","0.000052"
"600006",2010-02-01,"5.6700","0.000052"
"600006",2010-02-02,"5.6400","0.000052"
"600006",2010-02-03,"5.7700","0.000052"
"600006",2010-02-04,"5.8000","0.000052"
"600006",2010-02-05,"5.6600","0.000052"
"600006",2010-02-08,"5.6700","0.000052"
"600006",2010-02-09,"5.7100","0.000052"
"600006",2010-02-10,"5.7800","0.000053"
"600006",2010-02-11,"5.8300","0.000053"
"600006",2010-02-12,"5.8900","0.000053"
"600006",2010-02-22,"5.8600","0.000053"
"600006",2010-02-23,"5.9900","0.000053"
"600006",2010-02-24,"6.1400","0.000053"
"600006",2010-02-25,"6.1700","0.000053"
"600006",2010-02-26,"6.1100","0.000053"
"600006",2010-03-01,"6.1200","0.000053"
"600006",2010-03-02,"6.0400","0.000053"
"600006",2010-03-03,"6.1200","0.000053"
"600006",2010-03-04,"6.0800","0.000053"
"600006",2010-03-05,"6.2200","0.000053"
"600006",2010-03-08,"6.3000","0.000053"
"600006",2010-03-09,"6.3200","0.000053"
"600006",2010-03-10,"6.2000","0.000053"
"600006",2010-03-11,"6.2400","0.000053"
"600006",2010-03-12,"6.0800","0.000053"
"600006",2010-03-15,"5.8800","0.000053"
"600006",2010-03-16,"6.0200","0.000053"
"600006",2010-03-17,"6.1200","0.000053"
"600006",2010-03-18,"6.1100","0.000053"
"600006",2010-03-19,"6.1500","0.000053"
"600006",2010-03-22,"6.3100","0.000053"
"600006",2010-03-23,"6.2400","0.000053"
"600006",2010-03-24,"6.3500","0.000053"
"600006",2010-03-25,"6.3200","0.000053"
"600006",2010-03-26,"6.3600","0.000053"
"600006",2010-03-27,,
"600006",2010-03-29,"6.3300","0.000053"
"600006",2010-03-30,"6.3100","0.000053"
"600006",2010-03-31,"6.2900","0.000053"
"600006",2010-04-01,"6.3300","0.000053"
"600006",2010-04-02,"6.5200","0.000053"
"600006",2010-04-06,"6.6500","0.000053"
"600006",2010-04-07,"6.6700","0.000053"
"600006",2010-04-08,"6.7000","0.000053"
"600006",2010-04-09,"6.7300","0.000053"
"600006",2010-04-12,"6.6000","0.000053"
"600006",2010-04-13,"6.6200","0.000053"
"600006",2010-04-14,"6.9000","0.000053"
"600006",2010-04-15,"6.9800","0.000053"
"600006",2010-04-16,"6.9300","0.000053"
"600006",2010-04-19,"6.6400","0.000053"
"600006",2010-04-20,"6.8800","0.000053"
"600006",2010-04-21,"7.0400","0.000053"
"600006",2010-04-22,"6.8400","0.000053"
"600006",2010-04-23,"6.8600","0.000053"
"600006",2010-04-24,,
"600006",2010-04-26,"6.7000","0.000053"
"600006",2010-04-27,"6.3800","0.000053"
"600006",2010-04-28,"6.2900","0.000053"
"600006",2010-04-29,,"0.000053"
"600006",2010-04-30,"6.0800","0.000053"
"600006",2010-05-04,"5.9300","0.000053"
"600006",2010-05-05,"6.0500","0.000053"
"600006",2010-05-06,"5.8500","0.000053"
"600006",2010-05-07,"5.5900","0.000053"
"600006",2010-05-10,"5.6700","0.000053"
"600006",2010-05-11,,"0.000053"
"600006",2010-05-12,"5.6200","0.000053"
"600006",2010-05-13,"5.7600","0.000053"
"600006",2010-05-14,"5.6000","0.000053"
"600006",2010-05-17,"5.1200","0.000053"
"600006",2010-05-18,"5.1200","0.000053"
"600006",2010-05-19,"5.0700","0.000053"
"600006",2010-05-20,"4.9500","0.000053"
"600006",2010-05-21,"5.0200","0.000054"
"600006",2010-05-24,"5.2700","0.000054"
"600006",2010-05-25,"5.1100","0.000055"
"600006",2010-05-26,"5.1800","0.000056"
"600006",2010-05-27,"5.2300","0.000057"
"600006",2010-05-28,"5.2400","0.000057"
"600006",2010-05-31,"5.0300","0.000058"
"600006",2010-06-01,"4.9300","0.000060"
"600006",2010-06-02,"5.0500","0.000061"
"600006",2010-06-03,"4.9700","0.000062"
"600006",2010-06-04,"4.9600","0.000062"
"600006",2010-06-07,"4.8700","0.000062"
"600006",2010-06-08,"4.9300","0.000062"
"600006",2010-06-09,"5.0500","0.000062"
"600006",2010-06-10,"5.0000","0.000063"
"600006",2010-06-11,"5.0100","0.000063"
"600006",2010-06-17,"5.0100","0.000065"
"600006",2010-06-18,"4.8600","0.000066"
"600006",2010-06-21,"4.9400","0.000067"
"600006",2010-06-22,"4.9800","0.000069"
"600006",2010-06-23,"4.9600","0.000070"
"600006",2010-06-24,"5.0000","0.000071"
"600006",2010-06-25,"4.9200","0.000072"
"600006",2010-06-28,"4.8600","0.000072"
"600006",2010-06-29,"4.5600","0.000072"
"600006",2010-06-30,"4.4500","0.000072"
"600006",2010-07-01,"4.4500","0.000072"
"600006",2010-07-02,"4.4100","0.000072"
"600006",2010-07-05,"4.4200","0.000072"
"600006",2010-07-06,"4.4900","0.000072"
"600006",2010-07-07,"4.5400","0.000071"
"600006",2010-07-08,"4.6900","0.000071"
"600006",2010-07-09,"4.8000","0.000071"
"600006",2010-07-12,"4.8800","0.000071"
"600006",2010-07-13,"4.8300","0.000071"
"600006",2010-07-14,"4.8600","0.000071"
"600006",2010-07-15,"4.7100","0.000071"
"600006",2010-07-16,"4.7100","0.000071"
"600006",2010-07-19,"4.8100","0.000070"
"600006",2010-07-20,"4.9300","0.000070"
"600006",2010-07-21,"5.0000","0.000070"
"600006",2010-07-22,"5.0100","0.000069"
"600006",2010-07-23,"4.9800","0.000069"
"600006",2010-07-26,"5.0400","0.000069"
"600006",2010-07-27,"4.9900","0.000068"
"600006",2010-07-28,"5.1100","0.000068"
"600006",2010-07-29,"5.2500","0.000067"
"600006",2010-07-30,"5.1700","0.000067"
"600006",2010-08-02,"5.3700","0.000067"
"600006",2010-08-03,"5.2000","0.000067"
"600006",2010-08-04,"5.3100","0.000067"
"600006",2010-08-05,"5.2600","0.000067"
"600006",2010-08-06,"5.3000","0.000067"
"600006",2010-08-09,"5.3700","0.000067"
"600006",2010-08-10,"5.5400","0.000067"
"600006",2010-08-11,"5.5500","0.000068"
"600006",2010-08-12,"5.4800","0.000068"
"600006",2010-08-13,"5.5800","0.000068"
"600006",2010-08-16,"5.6400","0.000068"
"600006",2010-08-17,"5.6500","0.000068"
"600006",2010-08-18,"5.7400","0.000068"
"600006",2010-08-19,"5.9400","0.000068"
"600006",2010-08-20,"5.8000","0.000068"
"600006",2010-08-23,"5.6800","0.000068"
"600006",2010-08-24,"5.7100","0.000068"
"600006",2010-08-25,"5.5200","0.000068"
"600006",2001-01-02,"7.5800","0.000054"
"600006",2001-01-03,"7.7000","0.000054"
"600006",2001-01-04,"7.7900","0.000054"
"600006",2001-01-05,"8.2800","0.000054"
"600006",2001-01-08,"8.4000","0.000054"
"600006",2001-01-09,"8.3100","0.000054"
"600006",2001-01-10,"8.4100","0.000054"
"600006",2001-01-11,"8.3000","0.000054"
"600006",2001-01-12,"8.1400","0.000054"
"600006",2001-01-15,"8.0900","0.000054"
"600006",2001-01-16,"8.4800","0.000054"
"600006",2001-01-17,"8.3000","0.000054"
"600006",2001-01-18,"8.2800","0.000054"
"600006",2001-01-19,"8.4800","0.000054"
"600006",2001-02-05,"8.5500","0.000054"
"600006",2001-02-06,"8.5000","0.000054"
"600006",2001-02-07,"8.3700","0.000054"
"600006",2001-02-08,"8.1700","0.000054"
"600006",2001-02-09,"8.2900","0.000054"
"600006",2001-02-12,"8.4800","0.000054"
"600006",2001-02-13,"8.4400","0.000054"
"600006",2001-02-14,"8.6500","0.000054"
"600006",2001-02-15,"8.5900","0.000054"
"600006",2001-02-16,"8.4700","0.000054"
"600006",2001-02-19,"8.5500","0.000054"
"600006",2001-02-20,"8.9200","0.000054"
"600006",2001-02-21,"8.9200","0.000054"
"600006",2001-02-22,"8.9400","0.000054"
"600006",2001-02-23,"9.0400","0.000054"
"600006",2001-02-26,"8.6800","0.000054"
"600006",2001-02-27,"8.8100","0.000054"
"600006",2001-02-28,"8.9500","0.000054"
"600006",2001-03-01,"9.1900","0.000054"
"600006",2001-03-02,"9.0900","0.000054"
"600006",2001-03-05,"9.2900","0.000054"
"600006",2001-03-06,"9.1300","0.000054"
"600006",2001-03-07,"9.1300","0.000054"
"600006",2001-03-08,"9.3100","0.000054"
"600006",2001-03-09,"9.4800","0.000054"
"600006",2001-03-12,"9.3400","0.000054"
"600006",2001-03-13,"9.2400","0.000054"
"600006",2001-03-14,"9.2600","0.000054"
"600006",2001-03-15,"9.1400","0.000054"
"600006",2001-03-16,"9.0700","0.000054"
"600006",2001-03-19,"9.1500","0.000054"
"600006",2001-03-20,"9.2500","0.000054"
"600006",2001-03-21,"9.2800","0.000054"
"600006",2001-03-22,"9.0900","0.000054"
"600006",2001-03-23,"9.1000","0.000054"
"600006",2001-03-26,"9.2000","0.000054"
"600006",2001-03-27,"9.2500","0.000054"
"600006",2001-03-28,"9.1300","0.000054"
"600006",2001-03-29,"9.1900","0.000054"
"600006",2001-03-30,"9.1200","0.000054"
"600006",2001-03-31,,
"600006",2001-04-02,"9.1400","0.000054"
"600006",2001-04-03,"9.2900","0.000054"
"600006",2001-04-04,"9.1100","0.000054"
"600006",2001-04-05,"9.1800","0.000054"
"600006",2001-04-06,"9.2300","0.000054"
"600006",2001-04-09,"9.1900","0.000054"
"600006",2001-04-10,"9.3500","0.000054"
"600006",2001-04-11,"9.5200","0.000054"
"600006",2001-04-12,"9.5700","0.000054"
"600006",2001-04-13,"9.4300","0.000054"
"600006",2001-04-16,"9.5300","0.000054"
"600006",2001-04-17,"9.3400","0.000054"
"600006",2001-04-18,,"0.000054"
"600006",2001-04-19,"9.3200","0.000054"
"600006",2001-04-20,"9.0500","0.000054"
"600006",2001-04-23,"9.2200","0.000054"
"600006",2001-04-24,"9.2700","0.000054"
"600006",2001-04-25,"9.3700","0.000054"
"600006",2001-04-26,"9.1800","0.000054"
"600006",2001-04-27,"9.4000","0.000054"
"600006",2001-04-30,"9.4400","0.000054"
"600006",2001-05-08,"9.3300","0.000054"
"600006",2001-05-09,"9.2700","0.000054"
"600006",2001-05-10,"9.2600","0.000054"
"600006",2001-05-11,"9.3300","0.000054"
"600006",2001-05-14,"9.4700","0.000054"
"600006",2001-05-15,"9.5000","0.000054"
"600006",2001-05-16,"9.6600","0.000054"
"600006",2001-05-17,"9.8400","0.000054"
"600006",2001-05-18,"9.6400","0.000054"
"600006",2001-05-21,"9.7900","0.000054"
"600006",2001-05-22,"9.8100","0.000054"
"600006",2001-05-23,"9.7800","0.000054"
"600006",2001-05-24,"9.6700","0.000054"
"600006",2001-05-25,"9.9000","0.000054"
"600006",2001-05-28,"9.8800","0.000054"
"600006",2001-05-29,"9.9700","0.000054"
"600006",2001-05-30,"10.1100","0.000054"
"600006",2001-05-31,"10.0900","0.000054"
"600006",2001-06-01,"9.9800","0.000054"
"600006",2001-06-04,"9.9700","0.000054"
"600006",2001-06-05,"9.9900","0.000054"
"600006",2001-06-06,"9.8900","0.000054"
"600006",2001-06-07,"10.0600","0.000054"
"600006",2001-06-08,"10.0300","0.000054"
"600006",2001-06-11,"10.2000","0.000054"
"600006",2001-06-12,"10.2200","0.000054"
"600006",2001-06-13,"10.1500","0.000054"
"600006",2001-06-14,"10.0500","0.000054"
"600006",2001-06-15,"9.9500","0.000054"
"600006",2001-06-18,"9.8200","0.000054"
"600006",2001-06-19,"9.7800","0.000054"
"600006",2001-06-20,"9.7800","0.000054"
"600006",2001-06-21,"9.8100","0.000054"
"600006",2001-06-22,"9.8800","0.000054"
"600006",2001-06-25,"10.0500","0.000054"
"600006",2001-06-26,"10.0600","0.000054"
"600006",2001-06-27,"10.1700","0.000054"
"600006",2001-06-28,"10.5200","0.000054"
"600006",2001-06-29,"10.4200","0.000054"
"600006",2001-06-30,,
"600006",2001-07-02,"10.3100","0.000054"
"600006",2001-07-03,"10.4300","0.000054"
"600006",2001-07-04,"10.3800","0.000054"
"600006",2001-07-05,"10.2300","0.000054"
"600006",2001-07-06,"10.3400","0.000054"
"600006",2001-07-09,"10.4300","0.000054"
"600006",2001-07-10,"10.4800","0.000054"
"600006",2001-07-11,"10.3500","0.000054"
"600006",2001-07-12,"10.4000","0.000054"
"600006",2001-07-13,"10.4000","0.000054"
"600006",2001-07-16,"10.2500","0.000054"
"600006",2001-07-17,"10.3000","0.000054"
"600006",2001-07-18,"10.2800","0.000054"
"600006",2001-07-19,"10.2800","0.000054"
"600006",2001-07-20,"10.2400","0.000054"
"600006",2001-07-23,"10.1000","0.000054"
"600006",2001-07-24,"10.0100","0.000054"
"600006",2001-07-25,"10.0300","0.000054"
"600006",2001-07-26,"10.0100","0.000054"
"600006",2001-07-27,"10.0000","0.000054"
"600006",2001-07-30,"9.9200","0.000054"
"600006",2001-07-31,"9.6500","0.000054"
"600006",2001-08-01,"9.8000","0.000054"
"600006",2001-08-02,"9.9300","0.000054"
"600006",2001-08-03,"9.5800","0.000054"
"600006",2001-08-06,"9.5000","0.000054"
"600006",2001-08-07,"9.3000","0.000054"
"600006",2001-08-08,"9.4100","0.000054"
"600006",2001-08-09,"9.6500","0.000054"
"600006",2001-08-10,"9.7500","0.000054"
"600006",2001-08-13,"10.0500","0.000054"
"600006",2001-08-14,"10.1400","0.000054"
"600006",2001-08-15,"10.0000","0.000054"
"600006",2001-08-16,"9.8000","0.000054"
"600006",2001-08-17,"9.8400","0.000054"
"600006",2001-08-20,"9.9400","0.000054"
"600006",2001-08-21,"10.0400","0.000054"
"600006",2001-08-22,"10.0900","0.000054"
"600006",2001-08-23,"10.0200","0.000054"
"600006",2001-08-24,"10.0000","0.000054"
"600006",2001-08-27,"10.0200","0.000054"
"600006",2001-08-28,"10.0300","0.000054"
"600006",2001-08-29,"9.9800","0.000054"
"600006",2001-08-30,"10.0200","0.000054"
"600006",2001-08-31,"10.0200","0.000054"
"600006",2001-09-03,"10.0400","0.000054"
"600006",2001-09-04,"10.0700","0.000054"
"600006",2001-09-05,"10.0700","0.000054"
"600006",2001-09-06,"10.1500","0.000054"
"600006",2001-09-07,"10.1500","0.000054"
"600006",2001-09-10,"10.1300","0.000054"
"600006",2001-09-11,"10.0500","0.000054"
"600006",2001-09-12,"9.9800","0.000054"
"600006",2001-09-13,"10.0000","0.000054"
"600006",2001-09-14,"10.0500","0.000054"
"600006",2001-09-17,"9.9700","0.000054"
"600006",2001-09-18,"10.0800","0.000054"
"600006",2001-09-19,"10.0900","0.000054"
"600006",2001-09-20,"10.1100","0.000054"
"600006",2001-09-21,"10.1100","0.000054"
"600006",2001-09-24,"10.0900","0.000054"
"600006",2001-09-25,"10.0200","0.000054"
"600006",2001-09-26,"9.9200","0.000054"
"600006",2001-09-27,"10.0600","0.000054"
"600006",2001-09-28,,"0.000054"
"600006",2001-09-30,,
"600006",2001-10-08,"9.9100","0.000054"
"600006",2001-10-09,"9.9600","0.000054"
"600006",2001-10-10,"9.9800","0.000054"
"600006",2001-10-11,"9.8400","0.000054"
"600006",2001-10-12,"9.8900","0.000054"
"600006",2001-10-15,"9.9600","0.000054"
"600006",2001-10-16,"9.9200","0.000054"
"600006",2001-10-17,"9.9300","0.000054"
"600006",2001-10-18,"9.8400","0.000054"
"600006",2001-10-19,"9.7500","0.000054"
"600006",2001-10-22,"9.5000","0.000054"
"600006",2001-10-23,"10.2600","0.000054"
"600006",2001-10-24,"9.7500","0.000054"
"600006",2001-10-25,"9.8300","0.000054"
"600006",2001-10-26,"9.8000","0.000054"
"600006",2001-10-29,"9.7000","0.000054"
"600006",2001-10-30,"9.7400","0.000054"
"600006",2001-10-31,"9.7400","0.000054"
"600006",2001-11-01,"9.7000","0.000054"
"600006",2001-11-02,"9.8000","0.000054"
"600006",2001-11-05,"9.8500","0.000054"
"600006",2001-11-06,"10.0200","0.000054"
"600006",2001-11-07,"9.6800","0.000054"
"600006",2001-11-08,"9.7900","0.000054"
"600006",2001-11-09,"9.8700","0.000054"
"600006",2001-11-12,"10.0000","0.000054"
"600006",2001-11-13,"9.9200","0.000054"
"600006",2001-11-14,"10.0400","0.000054"
"600006",2001-11-15,"10.0400","0.000054"
"600006",2001-11-16,"10.0900","0.000054"
"600006",2001-11-19,"10.0300","0.000054"
"600006",2001-11-20,"10.0500","0.000054"
"600006",2001-11-21,"10.0800","0.000054"
"600006",2001-11-22,"10.0900","0.000054"
"600006",2001-11-23,"10.0700","0.000054"
"600006",2001-11-26,"10.1000","0.000054"
"600006",2001-11-27,"10.1900","0.000054"
"600006",2001-11-28,"10.1700","0.000054"
"600006",2001-11-29,"10.2000","0.000054"
"600006",2001-11-30,"10.3000","0.000054"
"600006",2001-12-03,"10.2700","0.000054"
"600006",2001-12-04,"10.3500","0.000054"
"600006",2001-12-05,"10.2800","0.000054"
"600006",2001-12-06,"10.4200","0.000054"
"600006",2001-12-07,"10.9900","0.000054"
"600006",2001-12-10,"11.2100","0.000054"
"600006",2001-12-11,"11.1300","0.000054"
"600006",2001-12-12,"11.1200","0.000054"
"600006",2001-12-13,"11.1100","0.000054"
"600006",2001-12-14,"11.3800","0.000054"
"600006",2001-12-17,"11.0900","0.000054"
"600006",2001-12-18,"11.1800","0.000054"
"600006",2001-12-19,"11.1300","0.000054"
"600006",2001-12-20,"10.9700","0.000054"
"600006",2001-12-21,"10.7700","0.000054"
"600006",2001-12-24,"10.0800","0.000054"
"600006",2001-12-25,"10.5200","0.000054"
"600006",2001-12-26,"10.6400","0.000054"
"600006",2001-12-27,"10.6700","0.000054"
"600006",2001-12-28,"11.0000","0.000054"
"600006",2001-12-31,"11.0100","0.000054"
"600006",2002-01-04,"10.7400","0.000054"
"600006",2002-01-07,"10.7200","0.000054"
"600006",2002-01-08,"10.6100","0.000054"
"600006",2002-01-09,"10.1900","0.000054"
"600006",2002-01-10,"10.2400","0.000054"
"600006",2002-01-11,"10.0000","0.000054"
"600006",2002-01-14,"10.3100","0.000054"
"600006",2002-01-15,"10.3500","0.000054"
"600006",2002-01-16,"10.5300","0.000054"
"600006",2002-01-17,"10.5200","0.000054"
"600006",2002-01-18,"10.7200","0.000054"
"600006",2002-01-21,"10.6800","0.000054"
"600006",2002-01-22,"10.6800","0.000054"
"600006",2002-01-23,"10.8500","0.000054"
"600006",2002-01-24,"10.7900","0.000054"
"600006",2002-01-25,"10.7000","0.000054"
"600006",2002-01-28,"10.2300","0.000054"
"600006",2002-01-29,"10.2500","0.000054"
"600006",2002-01-30,"10.3000","0.000054"
"600006",2002-01-31,"10.6600","0.000054"
"600006",2002-02-01,"10.7800","0.000054"
"600006",2002-02-04,"10.7200","0.000054"
"600006",2002-02-05,"10.8800","0.000054"
"600006",2002-02-06,"10.8600","0.000054"
"600006",2002-02-07,"10.8200","0.000054"
"600006",2002-02-08,"11.1100","0.000054"
"600006",2002-02-25,"11.5800","0.000047"
"600006",2002-02-26,,"0.000047"
"600006",2002-02-27,"11.8200","0.000047"
"600006",2002-02-28,"11.4900","0.000047"
"600006",2002-03-01,"12.0000","0.000047"
"600006",2002-03-04,"12.0300","0.000047"
"600006",2002-03-05,"12.1100","0.000047"
"600006",2002-03-06,"12.4600","0.000047"
"600006",2002-03-07,"13.0000","0.000047"
"600006",2002-03-08,"12.7000","0.000047"
"600006",2002-03-11,"12.6900","0.000047"
"600006",2002-03-12,"12.4100","0.000047"
"600006",2002-03-13,"12.3600","0.000047"
"600006",2002-03-14,"12.3800","0.000047"
"600006",2002-03-15,"12.3800","0.000047"
"600006",2002-03-18,"12.4900","0.000047"
"600006",2002-03-19,"12.7100","0.000047"
"600006",2002-03-20,"12.5100","0.000047"
"600006",2002-03-21,"12.8200","0.000047"
"600006",2002-03-22,"12.6700","0.000047"
"600006",2002-03-25,"12.4900","0.000047"
"600006",2002-03-26,"12.6900","0.000047"
"600006",2002-03-27,"12.4200","0.000047"
"600006",2002-03-28,"12.5000","0.000047"
"600006",2002-03-29,"12.2100","0.000047"
"600006",2002-03-31,,
"600006",2002-04-01,"12.2500","0.000047"
"600006",2002-04-02,"12.2200","0.000047"
"600006",2002-04-03,"12.2700","0.000047"
"600006",2002-04-04,"12.4700","0.000047"
"600006",2002-04-05,"12.2700","0.000047"
"600006",2002-04-08,,"0.000047"
"600006",2002-04-09,"12.1700","0.000047"
"600006",2002-04-10,"12.0600","0.000047"
"600006",2002-04-11,"12.1700","0.000047"
"600006",2002-04-12,"12.3900","0.000047"
"600006",2002-04-15,"12.4000","0.000047"
"600006",2002-04-16,"12.4200","0.000047"
"600006",2002-04-17,"12.3500","0.000047"
"600006",2002-04-18,"12.3300","0.000047"
"600006",2002-04-19,"12.3000","0.000047"
"600006",2002-04-22,"12.3900","0.000047"
"600006",2002-04-23,"12.4200","0.000047"
"600006",2002-04-24,"12.3300","0.000047"
"600006",2002-04-25,"12.3800","0.000047"
"600006",2002-04-26,"12.3100","0.000047"
"600006",2002-04-27,,
"600006",2002-04-29,"12.4800","0.000047"
"600006",2002-04-30,"12.5200","0.000047"
"600006",2002-05-08,"12.4900","0.000047"
"600006",2002-05-09,"12.4600","0.000047"
"600006",2002-05-10,"12.3700","0.000047"
"600006",2002-05-13,"12.3800","0.000047"
"600006",2002-05-14,"12.3700","0.000047"
"600006",2002-05-15,"12.2300","0.000047"
"600006",2002-05-16,"12.4500","0.000047"
"600006",2002-05-17,"12.7900","0.000047"
"600006",2002-05-20,"12.6100","0.000047"
"600006",2002-05-21,"12.8400","0.000047"
"600006",2002-05-22,"12.4100","0.000047"
"600006",2002-05-23,"12.2800","0.000047"
"600006",2002-05-24,"12.4200","0.000047"
"600006",2002-05-27,"12.4400","0.000047"
"600006",2002-05-28,"12.5600","0.000047"
"600006",2002-05-29,"12.5900","0.000047"
"600006",2002-05-30,"12.6600","0.000047"
"600006",2002-05-31,"12.6500","0.000047"
"600006",2002-06-03,"12.5300","0.000047"
"600006",2002-06-04,"12.3500","0.000047"
"600006",2002-06-05,"12.3600","0.000047"
"600006",2002-06-06,"12.4500","0.000047"
"600006",2002-06-07,"12.5000","0.000047"
"600006",2002-06-10,"12.5200","0.000047"
"600006",2002-06-11,"12.5400","0.000047"
"600006",2002-06-12,"12.6500","0.000047"
"600006",2002-06-13,"12.4900","0.000047"
"600006",2002-06-14,"12.4900","0.000047"
"600006",2002-06-17,"12.3700","0.000047"
"600006",2002-06-18,"12.3800","0.000047"
"600006",2002-06-19,"12.2500","0.000047"
"600006",2002-06-20,"12.2800","0.000047"
"600006",2002-06-21,"12.3300","0.000047"
"600006",2002-06-24,"12.7100","0.000047"
"600006",2002-06-25,"12.7700","0.000047"
"600006",2002-06-26,"12.5000","0.000047"
"600006",2002-06-27,"12.5400","0.000047"
"600006",2002-06-28,"12.8400","0.000047"
"600006",2002-06-30,,
"600006",2002-07-01,,"0.000047"
"600006",2002-07-02,"12.5100","0.000047"
"600006",2002-07-03,"12.7000","0.000047"
"600006",2002-07-04,"12.8500","0.000047"
"600006",2002-07-05,"12.8800","0.000047"
"600006",2002-07-08,"13.3100","0.000047"
"600006",2002-07-09,"13.5700","0.000047"
"600006",2002-07-10,"13.7100","0.000047"
"600006",2002-07-11,"13.5000","0.000047"
"600006",2002-07-12,"13.2000","0.000047"
"600006",2002-07-15,"13.0100","0.000047"
"600006",2002-07-16,"13.3600","0.000047"
"600006",2002-07-17,"13.7300","0.000047"
"600006",2002-07-18,"13.7600","0.000047"
"600006",2002-07-19,"13.4800","0.000047"
"600006",2002-07-22,"13.8200","0.000047"
"600006",2002-07-23,"13.6900","0.000047"
"600006",2002-07-24,"13.4500","0.000047"
"600006",2002-07-25,"13.3500","0.000047"
"600006",2002-07-26,"13.1000","0.000047"
"600006",2002-07-29,"13.0900","0.000047"
"600006",2002-07-30,"13.3900","0.000047"
"600006",2002-07-31,"13.0900","0.000047"
"600006",2002-08-01,"13.0600","0.000047"
"600006",2002-08-02,"13.2300","0.000047"
"600006",2002-08-05,"13.1700","0.000047"
"600006",2002-08-06,"13.2500","0.000056"
"600006",2002-08-07,"13.1500","0.000056"
"600006",2002-08-08,"13.0300","0.000056"
"600006",2002-08-09,"13.0400","0.000056"
"600006",2002-08-12,"13.0100","0.000056"
"600006",2002-08-13,"13.0000","0.000056"
"600006",2002-08-14,"12.9500","0.000056"
"600006",2002-08-15,"12.9700","0.000056"
"600006",2002-08-16,"12.9500","0.000056"
"600006",2002-08-19,"12.9300","0.000056"
"600006",2002-08-20,"13.0000","0.000056"
"600006",2002-08-21,"13.0100","0.000056"
"600006",2002-08-22,"13.3500","0.000056"
"600006",2002-08-23,"13.1100","0.000056"
"600006",2002-08-26,"12.8400","0.000056"
"600006",2002-08-27,"12.6900","0.000056"
"600006",2002-08-28,"12.5800","0.000056"
"600006",2002-08-29,"12.7100","0.000056"
"600006",2002-08-30,"12.7500","0.000056"
"600006",2002-09-02,"12.6200","0.000056"
"600006",2002-09-03,"12.6100","0.000060"
"600006",2002-09-04,"12.6400","0.000060"
"600006",2002-09-05,"12.6500","0.000060"
"600006",2002-09-06,"12.5000","0.000060"
"600006",2002-09-09,"12.5200","0.000060"
"600006",2002-09-10,"12.8300","0.000060"
"600006",2002-09-11,"12.7000","0.000060"
"600006",2002-09-12,"12.9300","0.000060"
"600006",2002-09-13,"12.9500","0.000060"
"600006",2002-09-16,"12.9700","0.000060"
"600006",2002-09-17,"12.9800","0.000062"
"600006",2002-09-18,"12.9300","0.000062"
"600006",2002-09-19,"13.0400","0.000062"
"600006",2002-09-20,"13.3700","0.000062"
"600006",2002-09-23,"13.2000","0.000062"
"600006",2002-09-24,"13.2700","0.000062"
"600006",2002-09-25,"13.2800","0.000062"
"600006",2002-09-26,"13.1400","0.000062"
"600006",2002-09-27,"13.0200","0.000062"
"600006",2002-09-30,,
"600006",2002-10-08,"12.7800","0.000062"
"600006",2002-10-09,"12.7900","0.000062"
"600006",2002-10-10,"13.0000","0.000062"
"600006",2002-10-11,"12.9500","0.000062"
"600006",2002-10-14,"12.8500","0.000062"
"600006",2002-10-15,"12.9200","0.000062"
"600006",2002-10-16,"12.9500","0.000062"
"600006",2002-10-17,"12.8700","0.000062"
"600006",2002-10-18,"12.9100","0.000062"
"600006",2002-10-21,"12.8300","0.000062"
"600006",2002-10-22,"12.9200","0.000062"
"600006",2002-10-23,"12.8300","0.000062"
"600006",2002-10-24,"12.8400","0.000062"
"600006",2002-10-25,"12.7800","0.000062"
"600006",2002-10-28,"12.9100","0.000062"
"600006",2002-10-29,"13.0600","0.000062"
"600006",2002-10-30,"13.0800","0.000062"
"600006",2002-10-31,"13.0500","0.000062"
"600006",2002-11-01,"12.9900","0.000062"
"600006",2002-11-04,"12.9400","0.000062"
"600006",2002-11-05,"12.9400","0.000062"
"600006",2002-11-06,"12.9500","0.000062"
"600006",2002-11-07,"12.9300","0.000062"
"600006",2002-11-08,"13.1000","0.000062"
"600006",2002-11-11,"13.0300","0.000062"
"600006",2002-11-12,"13.0900","0.000062"
"600006",2002-11-13,"13.0900","0.000062"
"600006",2002-11-14,"12.8600","0.000062"
"600006",2002-11-15,"12.9500","0.000062"
"600006",2002-11-18,"12.8500","0.000062"
"600006",2002-11-19,"12.9700","0.000062"
"600006",2002-11-20,"12.9500","0.000062"
"600006",2002-11-21,"12.9000","0.000062"
"600006",2002-11-22,"12.9200","0.000062"
"600006",2002-11-25,"12.8900","0.000062"
"600006",2002-11-26,"12.8900","0.000062"
"600006",2002-11-27,"13.0800","0.000062"
"600006",2002-11-28,"13.1400","0.000062"
"600006",2002-11-29,"13.1100","0.000062"
"600006",2002-12-02,"12.9800","0.000062"
"600006",2002-12-03,"12.8200","0.000062"
"600006",2002-12-04,"12.7900","0.000062"
"600006",2002-12-05,"13.0500","0.000062"
"600006",2002-12-06,"13.0600","0.000062"
"600006",2002-12-09,"13.0900","0.000062"
"600006",2002-12-10,"13.1100","0.000062"
"600006",2002-12-11,"13.0500","0.000062"
"600006",2002-12-12,"12.9000","0.000062"
"600006",2002-12-13,"12.8700","0.000062"
"600006",2002-12-16,"12.8800","0.000062"
"600006",2002-12-17,"12.9400","0.000062"
"600006",2002-12-18,"12.9800","0.000062"
"600006",2002-12-19,"12.9400","0.000062"
"600006",2002-12-20,"12.9200","0.000062"
"600006",2002-12-23,"13.0000","0.000062"
"600006",2002-12-24,"13.3000","0.000062"
"600006",2002-12-25,"14.0400","0.000062"
"600006",2002-12-26,"13.9300","0.000062"
"600006",2002-12-27,"14.3700","0.000062"
"600006",2002-12-30,"14.5800","0.000062"
"600006",2002-12-31,"15.1000","0.000062"
"600006",2003-01-02,"14.0400","0.000062"
"600006",2003-01-03,"13.6200","0.000062"
"600006",2003-01-06,"13.5100","0.000062"
"600006",2003-01-07,"13.5700","0.000062"
"600006",2003-01-08,"13.6000","0.000062"
"600006",2003-01-09,"13.9800","0.000062"
"600006",2003-01-10,"14.0400","0.000062"
"600006",2003-01-13,"13.9200","0.000062"
"600006",2003-01-14,"14.2000","0.000062"
"600006",2003-01-15,"14.0300","0.000062"
"600006",2003-01-16,"14.0600","0.000062"
"600006",2003-01-17,"14.1900","0.000062"
"600006",2003-01-20,"13.8600","0.000062"
"600006",2003-01-21,"13.7700","0.000062"
"600006",2003-01-22,"13.7400","0.000062"
"600006",2003-01-23,"13.7400","0.000062"
"600006",2003-01-24,"13.6900","0.000062"
"600006",2003-01-27,"14.1000","0.000062"
"600006",2003-01-28,"14.0300","0.000062"
"600006",2003-01-29,"14.0000","0.000062"
"600006",2003-02-10,"14.0200","0.000062"
"600006",2003-02-11,"14.0100","0.000062"
"600006",2003-02-12,"14.0000","0.000062"
"600006",2003-02-13,"13.8500","0.000062"
"600006",2003-02-14,"13.7600","0.000062"
"600006",2003-02-17,"13.6800","0.000062"
"600006",2003-02-18,"13.9400","0.000062"
"600006",2003-02-19,"13.8800","0.000062"
"600006",2003-02-20,"13.5700","0.000062"
"600006",2003-02-21,"13.7400","0.000062"
"600006",2003-02-24,"13.6600","0.000062"
"600006",2003-02-25,"13.7900","0.000062"
"600006",2003-02-26,"13.8800","0.000062"
"600006",2003-02-27,"13.8000","0.000062"
"600006",2003-02-28,"13.7800","0.000062"
"600006",2003-03-03,"13.9900","0.000062"
"600006",2003-03-04,"13.8800","0.000062"
"600006",2003-03-05,"14.0000","0.000062"
"600006",2003-03-06,"13.8000","0.000062"
"600006",2003-03-07,"13.7200","0.000062"
"600006",2003-03-10,"13.6100","0.000062"
"600006",2003-03-11,"13.9100","0.000062"
"600006",2003-03-12,"13.8300","0.000062"
"600006",2003-03-13,"13.7500","0.000062"
"600006",2003-03-14,"13.7500","0.000062"
"600006",2003-03-17,"13.6400","0.000062"
"600006",2003-03-18,,"0.000062"
"600006",2003-03-19,"13.6800","0.000062"
"600006",2003-03-20,"13.4900","0.000062"
"600006",2003-03-21,"13.5500","0.000062"
"600006",2003-03-24,"13.6200","0.000062"
"600006",2003-03-25,"13.6000","0.000062"
"600006",2003-03-26,"13.5200","0.000062"
"600006",2003-03-27,"13.6000","0.000062"
"600006",2003-03-28,"13.4500","0.000062"
"600006",2003-03-31,"13.5400","0.000062"
"600006",2003-04-01,"13.4900","0.000062"
"600006",2003-04-02,"13.4300","0.000062"
"600006",2003-04-03,"13.4100","0.000062"
"600006",2003-04-04,"13.6000","0.000062"
"600006",2003-04-07,"13.3800","0.000062"
"600006",2003-04-08,"13.2000","0.000062"
"600006",2003-04-09,"13.3000","0.000062"
"600006",2003-04-10,,"0.000062"
"600006",2003-04-11,"13.4500","0.000062"
"600006",2003-04-14,"13.5200","0.000062"
"600006",2003-04-15,"13.3000","0.000062"
"600006",2003-04-16,"13.2200","0.000062"
"600006",2003-04-17,"13.7800","0.000062"
"600006",2003-04-18,"13.7000","0.000062"
"600006",2003-04-21,"13.5500","0.000062"
"600006",2003-04-22,"13.6600","0.000062"
"600006",2003-04-23,"13.2600","0.000062"
"600006",2003-04-24,"13.8900","0.000062"
"600006",2003-04-25,"13.5300","0.000062"
"600006",2003-04-28,"13.3600","0.000062"
"600006",2003-04-29,"13.3100","0.000059"
"600006",2003-04-30,"13.2600","0.000059"
"600006",2003-05-12,"13.3000","0.000059"
"600006",2003-05-13,"13.1800","0.000061"
"600006",2003-05-14,"13.2700","0.000061"
"600006",2003-05-15,"13.1900","0.000061"
"600006",2003-05-16,"13.1900","0.000061"
"600006",2003-05-19,"13.1900","0.000061"
"600006",2003-05-20,"12.9400","0.000059"
"600006",2003-05-21,"12.9100","0.000059"
"600006",2003-05-22,"13.0500","0.000059"
"600006",2003-05-23,"13.1900","0.000059"
"600006",2003-05-26,"13.3900","0.000059"
"600006",2003-05-27,"13.3600","0.000061"
"600006",2003-05-28,"13.0500","0.000061"
"600006",2003-05-29,"13.2800","0.000061"
"600006",2003-05-30,"13.3400","0.000061"
"600006",2003-06-02,"13.2300","0.000061"
"600006",2003-06-03,"13.0400","0.000061"
"600006",2003-06-04,"13.0500","0.000061"
"600006",2003-06-05,"12.9500","0.000061"
"600006",2003-06-06,"12.9300","0.000061"
"600006",2003-06-09,"12.7000","0.000061"
"600006",2003-06-10,"12.8400","0.000062"
"600006",2003-06-11,"12.8500","0.000062"
"600006",2003-06-12,"12.8700","0.000062"
"600006",2003-06-13,"12.8800","0.000062"
"600006",2003-06-16,"12.8500","0.000062"
"600006",2003-06-17,"12.8400","0.000063"
"600006",2003-06-18,"12.8500","0.000063"
"600006",2003-06-19,"12.8500","0.000063"
"600006",2003-06-20,"13.0800","0.000063"
"600006",2003-06-23,"13.0400","0.000063"
"600006",2003-06-24,"12.8400","0.000064"
"600006",2003-06-25,"12.8800","0.000064"
"600006",2003-06-26,"12.8400","0.000064"
"600006",2003-06-27,"13.1200","0.000064"
"600006",2003-06-30,"12.7600","0.000064"
"600006",2003-07-01,"12.8200","0.000064"
"600006",2003-07-02,"12.8500","0.000064"
"600006",2003-07-03,"12.8600","0.000064"
"600006",2003-07-04,"12.9000","0.000064"
"600006",2003-07-07,"12.8700","0.000064"
"600006",2003-07-08,"12.9100","0.000064"
"600006",2003-07-09,"12.8500","0.000064"
"600006",2003-07-10,"12.8600","0.000064"
"600006",2003-07-11,"12.9200","0.000064"
"600006",2003-07-14,"12.8900","0.000064"
"600006",2003-07-15,"12.9600","0.000064"
"600006",2003-07-16,"13.0800","0.000064"
"600006",2003-07-17,"13.1900","0.000064"
"600006",2003-07-18,"12.9800","0.000064"
"600006",2003-07-21,"12.9500","0.000064"
"600006",2003-07-22,"12.9900","0.000064"
"600006",2003-07-23,"13.1400","0.000064"
"600006",2003-07-24,"13.1700","0.000064"
"600006",2003-07-25,"13.2000","0.000064"
"600006",2003-07-28,"13.1200","0.000064"
"600006",2003-07-29,"13.1200","0.000064"
"600006",2003-07-30,"12.9800","0.000064"
"600006",2003-07-31,"12.9900","0.000064"
"600006",2003-08-01,"13.0000","0.000064"
"600006",2003-08-04,"12.8700","0.000064"
"600006",2003-08-05,"12.8800","0.000064"
"600006",2003-08-06,"12.8800","0.000064"
"600006",2003-08-07,"12.8800","0.000064"
"600006",2003-08-08,"12.8600","0.000064"
"600006",2003-08-11,"12.8500","0.000064"
"600006",2003-08-12,"12.7800","0.000063"
"600006",2003-08-13,"12.6100","0.000063"
"600006",2003-08-14,"12.4000","0.000063"
"600006",2003-08-15,,"0.000063"
"600006",2003-08-18,"12.1000","0.000063"
"600006",2003-08-19,"11.8300","0.000065"
"600006",2003-08-20,"11.4000","0.000065"
"600006",2003-08-21,"11.9500","0.000065"
"600006",2003-08-22,"11.8900","0.000065"
"600006",2003-08-25,"11.5300","0.000065"
"600006",2003-08-26,"11.5100","0.000067"
"600006",2003-08-27,"11.4300","0.000067"
"600006",2003-08-28,"11.4000","0.000067"
"600006",2003-08-29,"11.5000","0.000067"
"600006",2003-09-01,"11.5600","0.000067"
"600006",2003-09-02,"11.3100","0.000073"
"600006",2003-09-03,"11.2900","0.000073"
"600006",2003-09-04,"11.3900","0.000073"
"600006",2003-09-05,"11.3900","0.000073"
"600006",2003-09-08,"11.0600","0.000073"
"600006",2003-09-09,"11.0900","0.000074"
"600006",2003-09-10,"10.9600","0.000074"
"600006",2003-09-11,"10.9700","0.000074"
"600006",2003-09-12,"10.7800","0.000074"
"600006",2003-09-15,"10.8900","0.000074"
"600006",2003-09-16,"10.9200","0.000074"
"600006",2003-09-17,"10.9300","0.000074"
"600006",2003-09-18,"10.9000","0.000074"
"600006",2003-09-19,"10.8900","0.000074"
"600006",2003-09-22,"10.8200","0.000074"
"600006",2003-09-23,"10.7400","0.000073"
"600006",2003-09-24,"11.1000","0.000073"
"600006",2003-09-25,"11.0000","0.000073"
"600006",2003-09-26,"11.1700","0.000073"
"600006",2003-09-29,,"0.000073"
"600006",2003-09-30,"11.0200","0.000073"
"600006",2003-10-08,"10.9900","0.000073"
"600006",2003-10-09,"10.9400","0.000073"
"600006",2003-10-10,"10.9400","0.000073"
"600006",2003-10-13,"10.9000","0.000073"
"600006",2003-10-14,"10.7500","0.000075"
"600006",2003-10-15,"10.7700","0.000075"
"600006",2003-10-16,"10.8000","0.000075"
"600006",2003-10-17,"10.7700","0.000075"
"600006",2003-10-20,"10.7500","0.000075"
"600006",2003-10-21,"10.7000","0.000074"
"600006",2003-10-22,"10.7500","0.000074"
"600006",2003-10-23,"10.7000","0.000074"
"600006",2003-10-24,"10.7100","0.000074"
"600006",2003-10-27,"10.7200","0.000074"
"600006",2003-10-28,"10.6400","0.000075"
"600006",2003-10-29,"10.8800","0.000075"
"600006",2003-10-30,"10.7900","0.000075"
"600006",2003-10-31,"10.7900","0.000075"
"600006",2003-11-03,,"0.000075"
"600006",2003-11-04,"10.9700","0.000075"
"600006",2003-11-05,"10.8800","0.000075"
"600006",2003-11-06,"10.9100","0.000075"
"600006",2003-11-07,"10.7800","0.000075"
"600006",2003-11-10,"10.6300","0.000075"
"600006",2003-11-11,"10.6900","0.000077"
"600006",2003-11-12,"10.6800","0.000077"
"600006",2003-11-13,"10.5300","0.000077"
"600006",2003-11-14,"10.6300","0.000077"
"600006",2003-11-17,"10.6200","0.000077"
"600006",2003-11-18,"10.5000","0.000075"
"600006",2003-11-19,"10.5600","0.000075"
"600006",2003-11-20,"10.5500","0.000075"
"600006",2003-11-21,"10.5100","0.000075"
"600006",2003-11-24,"10.8100","0.000075"
"600006",2003-11-25,"11.1200","0.000067"
"600006",2003-11-26,"10.9100","0.000067"
"600006",2003-11-27,"11.3800","0.000067"
"600006",2003-11-28,"11.2300","0.000067"
"600006",2003-12-01,"11.3400","0.000067"
"600006",2003-12-02,"11.1900","0.000067"
"600006",2003-12-03,"11.1400","0.000067"
"600006",2003-12-04,"11.1800","0.000067"
"600006",2003-12-05,"11.2200","0.000067"
"600006",2003-12-08,"11.2900","0.000067"
"600006",2003-12-09,"11.1700","0.000067"
"600006",2003-12-10,"11.0000","0.000067"
"600006",2003-12-11,"11.2600","0.000067"
"600006",2003-12-12,"11.0800","0.000067"
"600006",2003-12-15,"11.0600","0.000067"
"600006",2003-12-16,"11.2500","0.000067"
"600006",2003-12-17,"11.6900","0.000067"
"600006",2003-12-18,"12.0700","0.000067"
"600006",2003-12-19,"12.2300","0.000067"
"600006",2003-12-22,"11.9600","0.000067"
"600006",2003-12-23,"12.1000","0.000067"
"600006",2003-12-24,"12.0800","0.000067"
"600006",2003-12-25,"11.9100","0.000067"
"600006",2003-12-26,"11.9800","0.000067"
"600006",2003-12-29,"12.6700","0.000067"
"600006",2003-12-30,"12.7900","0.000067"
"600006",2003-12-31,"12.3900","0.000067"
"600006",2004-01-02,"11.5700","0.000067"
"600006",2004-01-05,"11.6600","0.000067"
"600006",2004-01-06,"11.7500","0.000067"
"600006",2004-01-07,"11.4900","0.000067"
"600006",2004-01-08,"11.5500","0.000067"
"600006",2004-01-09,"11.6200","0.000067"
"600006",2004-01-12,"12.4000","0.000067"
"600006",2004-01-13,"12.3400","0.000067"
"600006",2004-01-14,"12.1200","0.000067"
"600006",2004-01-15,"12.1500","0.000067"
"600006",2004-01-16,"12.2000","0.000067"
"600006",2004-01-29,"12.3000","0.000067"
"600006",2004-01-30,"12.2700","0.000067"
"600006",2004-02-02,"12.1300","0.000067"
"600006",2004-02-03,"12.3200","0.000067"
"600006",2004-02-04,"12.4400","0.000067"
"600006",2004-02-05,"12.2700","0.000067"
"600006",2004-02-06,"12.0100","0.000067"
"600006",2004-02-09,"12.1400","0.000067"
"600006",2004-02-10,"11.9400","0.000063"
"600006",2004-02-11,"11.7600","0.000063"
"600006",2004-02-12,"11.6200","0.000063"
"600006",2004-02-13,"11.7800","0.000063"
"600006",2004-02-16,"11.8500","0.000063"
"600006",2004-02-17,"11.7400","0.000061"
"600006",2004-02-18,"11.9100","0.000061"
"600006",2004-02-19,"11.7800","0.000061"
"600006",2004-02-20,"11.6500","0.000061"
"600006",2004-02-23,"11.6900","0.000061"
"600006",2004-02-24,"11.4100","0.000055"
"600006",2004-02-25,"11.2400","0.000055"
"600006",2004-02-26,"11.3300","0.000055"
"600006",2004-02-27,"11.2800","0.000055"
"600006",2004-03-01,"11.3500","0.000055"
"600006",2004-03-02,"11.2500","0.000055"
"600006",2004-03-03,"11.0600","0.000055"
"600006",2004-03-04,"10.8700","0.000055"
"600006",2004-03-05,"11.0500","0.000055"
"600006",2004-03-08,"10.9400","0.000055"
"600006",2004-03-09,"10.9700","0.000053"
"600006",2004-03-10,"11.1400","0.000053"
"600006",2004-03-11,"12.1600","0.000053"
"600006",2004-03-12,"12.1100","0.000053"
"600006",2004-03-15,"12.4400","0.000053"
"600006",2004-03-16,"12.6100","0.000052"
"600006",2004-03-17,"12.8200","0.000052"
"600006",2004-03-18,"12.8900","0.000052"
"600006",2004-03-19,"12.9900","0.000052"
"600006",2004-03-22,"13.3000","0.000052"
"600006",2004-03-23,"13.1600","0.000061"
"600006",2004-03-24,"12.9500","0.000061"
"600006",2004-03-25,"12.9100","0.000061"
"600006",2004-03-26,"13.1100","0.000061"
"600006",2004-03-29,"13.0000","0.000061"
"600006",2004-03-30,"12.8100","0.000058"
"600006",2004-03-31,"12.9500","0.000058"
"600006",2004-04-01,"12.8900","0.000058"
"600006",2004-04-02,"13.1200","0.000058"
"600006",2004-04-05,"13.4100","0.000058"
"600006",2004-04-06,"13.3700","0.000058"
"600006",2004-04-07,"13.3900","0.000058"
"600006",2004-04-08,"13.1900","0.000058"
"600006",2004-04-09,"12.8400","0.000058"
"600006",2004-04-12,"12.9100","0.000058"
"600006",2004-04-13,"12.8900","0.000058"
"600006",2004-04-14,"12.6400","0.000058"
"600006",2004-04-15,"12.5500","0.000058"
"600006",2004-04-16,"12.6200","0.000058"
"600006",2004-04-19,"12.5900","0.000058"
"600006",2004-04-20,"12.5100","0.000058"
"600006",2004-04-21,"12.4500","0.000058"
"600006",2004-04-22,"12.2400","0.000058"
"600006",2004-04-23,"11.8700","0.000058"
"600006",2004-04-26,"12.1100","0.000058"
"600006",2004-04-27,"11.9400","0.000058"
"600006",2004-04-28,,"0.000058"
"600006",2004-04-29,"11.1700","0.000058"
"600006",2004-04-30,"11.1900","0.000058"
"600006",2004-05-10,"10.9800","0.000058"
"600006",2004-05-11,"10.8600","0.000058"
"600006",2004-05-12,"11.1600","0.000058"
"600006",2004-05-13,"11.1000","0.000058"
"600006",2004-05-14,"10.7200","0.000058"
"600006",2004-05-17,"10.5100","0.000058"
"600006",2004-05-18,"10.4500","0.000077"
"600006",2004-05-19,"10.5000","0.000077"
"600006",2004-05-20,"10.4400","0.000077"
"600006",2004-05-21,"10.5200","0.000077"
"600006",2004-05-24,"10.5000","0.000077"
"600006",2004-05-25,"10.2800","0.000075"
"600006",2004-05-26,"10.1000","0.000075"
"600006",2004-05-27,"10.1400","0.000075"
"600006",2004-05-28,"10.1100","0.000075"
"600006",2004-05-31,"10.2200","0.000075"
"600006",2004-06-01,"10.3400","0.000077"
"600006",2004-06-02,"10.2200","0.000077"
"600006",2004-06-03,"10.0700","0.000077"
"600006",2004-06-04,"10.1100","0.000077"
"600006",2004-06-07,"10.1100","0.000077"
"600006",2004-06-08,"10.0300","0.000077"
"600006",2004-06-09,"9.8900","0.000077"
"600006",2004-06-10,"10.0200","0.000077"
"600006",2004-06-11,"4.9500","0.000077"
"600006",2004-06-14,"4.8100","0.000077"
"600006",2004-06-15,"4.8700","0.000077"
"600006",2004-06-16,"4.8800","0.000077"
"600006",2004-06-17,"4.6600","0.000077"
"600006",2004-06-18,"4.6000","0.000077"
"600006",2004-06-21,"4.5900","0.000077"
"600006",2004-06-22,"4.6200","0.000077"
"600006",2004-06-23,"4.6000","0.000077"
"600006",2004-06-24,"4.5900","0.000077"
"600006",2004-06-25,"4.5200","0.000077"
"600006",2004-06-28,"4.6300","0.000077"
"600006",2004-06-29,"4.7100","0.000079"
"600006",2004-06-30,"4.7300","0.000079"
"600006",2004-07-01,"4.8500","0.000079"
"600006",2004-07-02,"4.8800","0.000079"
"600006",2004-07-05,"4.8800","0.000079"
"600006",2004-07-06,"4.9500","0.000078"
"600006",2004-07-07,"4.8900","0.000078"
"600006",2004-07-08,"4.8600","0.000078"
"600006",2004-07-09,"4.8700","0.000078"
"600006",2004-07-12,"4.7800","0.000078"
"600006",2004-07-13,"4.8300","0.000078"
"600006",2004-07-14,"4.8400","0.000078"
"600006",2004-07-15,"4.7100","0.000078"
"600006",2004-07-16,"4.8200","0.000078"
"600006",2004-07-19,"4.7300","0.000078"
"600006",2004-07-20,"4.6300","0.000079"
"600006",2004-07-21,"4.6800","0.000079"
"600006",2004-07-22,"4.5100","0.000079"
"600006",2004-07-23,"4.5200","0.000079"
"600006",2004-07-26,"4.4800","0.000079"
"600006",2004-07-27,"4.4800","0.000079"
"600006",2004-07-28,"4.5000","0.000079"
"600006",2004-07-29,"4.5200","0.000079"
"600006",2004-07-30,"4.4900","0.000079"
"600006",2004-08-02,"4.5200","0.000079"
"600006",2004-08-03,"4.5200","0.000079"
"600006",2004-08-04,"4.6800","0.000079"
"600006",2004-08-05,"4.6100","0.000081"
"600006",2004-08-06,"4.6000","0.000081"
"600006",2004-08-09,"4.5800","0.000081"
"600006",2004-08-10,"4.5600","0.000081"
"600006",2004-08-11,"4.5100","0.000081"
"600006",2004-08-12,"4.4600","0.000079"
"600006",2004-08-13,"4.4800","0.000079"
"600006",2004-08-16,"4.4500","0.000079"
"600006",2004-08-17,"4.3900","0.000079"
"600006",2004-08-18,"4.4800","0.000079"
"600006",2004-08-19,"4.4800","0.000077"
"600006",2004-08-20,"4.4800","0.000077"
"600006",2004-08-23,"4.4400","0.000077"
"600006",2004-08-24,"4.4300","0.000077"
"600006",2004-08-25,"4.3900","0.000077"
"600006",2004-08-26,"4.4800","0.000074"
"600006",2004-08-27,"4.4400","0.000074"
"600006",2004-08-30,"4.4000","0.000074"
"600006",2004-08-31,"4.4900","0.000074"
"600006",2004-09-01,"4.4700","0.000074"
"600006",2004-09-02,"4.4300","0.000066"
"600006",2004-09-03,"4.4200","0.000066"
"600006",2004-09-06,"4.3400","0.000066"
"600006",2004-09-07,"4.4800","0.000066"
"600006",2004-09-08,"4.4700","0.000066"
"600006",2004-09-09,"4.4400","0.000063"
"600006",2004-09-10,"4.4500","0.000063"
"600006",2004-09-13,"4.4000","0.000063"
"600006",2004-09-14,"4.4200","0.000063"
"600006",2004-09-15,"4.6100","0.000063"
"600006",2004-09-16,"4.6200","0.000066"
"600006",2004-09-17,"5.0500","0.000066"
"600006",2004-09-20,"5.3500","0.000066"
"600006",2004-09-21,"5.2400","0.000066"
"600006",2004-09-22,"5.2500","0.000066"
"600006",2004-09-23,"5.2700","0.000068"
"600006",2004-09-24,"5.3300","0.000068"
"600006",2004-09-27,"5.1500","0.000068"
"600006",2004-09-28,"5.0700","0.000066"
"600006",2004-09-29,"4.9200","0.000066"
"600006",2004-09-30,"4.8000","0.000066"
"600006",2004-10-08,"4.9600","0.000066"
"600006",2004-10-11,"4.7900","0.000066"
"600006",2004-10-12,"4.6700","0.000066"
"600006",2004-10-13,"4.4800","0.000066"
"600006",2004-10-14,"4.3000","0.000069"
"600006",2004-10-15,"4.3000","0.000069"
"600006",2004-10-18,"4.3000","0.000069"
"600006",2004-10-19,"4.2400","0.000069"
"600006",2004-10-20,"4.2900","0.000069"
"600006",2004-10-21,"4.2900","0.000072"
"600006",2004-10-22,"4.3000","0.000072"
"600006",2004-10-25,"4.1000","0.000072"
"600006",2004-10-26,"4.0300","0.000072"
"600006",2004-10-27,"4.1400","0.000072"
"600006",2004-10-28,"4.1600","0.000071"
"600006",2004-10-29,,"0.000071"
"600006",2004-11-01,"4.0100","0.000071"
"600006",2004-11-02,"3.9100","0.000071"
"600006",2004-11-03,"3.9300","0.000071"
"600006",2004-11-04,"3.8600","0.000071"
"600006",2004-11-05,"3.8400","0.000071"
"600006",2004-11-08,"3.7600","0.000071"
"600006",2004-11-09,"3.7700","0.000071"
"600006",2004-11-10,"3.9100","0.000071"
"600006",2004-11-11,"3.9600","0.000066"
"600006",2004-11-12,"3.9200","0.000066"
"600006",2004-11-15,"4.0200","0.000066"
"600006",2004-11-16,"3.9700","0.000066"
"600006",2004-11-17,"3.8900","0.000066"
"600006",2004-11-18,"3.9000","0.000068"
"600006",2004-11-19,"3.8800","0.000068"
"600006",2004-11-22,"3.9100","0.000068"
"600006",2004-11-23,"4.0400","0.000068"
"600006",2004-11-24,"3.9500","0.000068"
"600006",2004-11-25,"3.9100","0.000068"
"600006",2004-11-26,"3.9200","0.000068"
"600006",2004-11-29,"3.8900","0.000068"
"600006",2004-11-30,"3.8200","0.000068"
"600006",2004-12-01,"3.8200","0.000068"
"600006",2004-12-02,"3.8000","0.000067"
"600006",2004-12-03,"3.8000","0.000067"
"600006",2004-12-06,"3.8800","0.000067"
"600006",2004-12-07,"3.8300","0.000067"
"600006",2004-12-08,"3.7900","0.000067"
"600006",2004-12-09,"3.9000","0.000058"
"600006",2004-12-10,"3.7900","0.000058"
"600006",2004-12-13,"3.7200","0.000058"
"600006",2004-12-14,"3.6700","0.000058"
"600006",2004-12-15,"3.7200","0.000058"
"600006",2004-12-16,"3.6600","0.000067"
"600006",2004-12-17,"3.5600","0.000067"
"600006",2004-12-20,"3.4500","0.000067"
"600006",2004-12-21,"3.4400","0.000067"
"600006",2004-12-22,"3.5200","0.000067"
"600006",2004-12-23,"3.5100","0.000073"
"600006",2004-12-24,"3.4900","0.000073"
"600006",2004-12-27,"3.5000","0.000073"
"600006",2004-12-28,"3.5100","0.000073"
"600006",2004-12-29,"3.5200","0.000073"
"600006",2004-12-30,"3.5400","0.000073"
"600006",2004-12-31,"3.3500","0.000073"
"600006",2005-01-04,"3.0900","0.000073"
"600006",2005-01-05,"3.1200","0.000073"
"600006",2005-01-06,"3.0800","0.000071"
"600006",2005-01-07,"3.0900","0.000071"
"600006",2005-01-10,"3.1100","0.000071"
"600006",2005-01-11,"3.2400","0.000071"
"600006",2005-01-12,"3.2000","0.000071"
"600006",2005-01-13,"3.3000","0.000069"
"600006",2005-01-14,"3.3200","0.000069"
"600006",2005-01-17,"3.2500","0.000069"
"600006",2005-01-18,"3.2900","0.000069"
"600006",2005-01-19,"3.2600","0.000069"
"600006",2005-01-20,"3.2600","0.000065"
"600006",2005-01-21,"3.3600","0.000065"
"600006",2005-01-24,"3.3900","0.000065"
"600006",2005-01-25,"3.3800","0.000065"
"600006",2005-01-26,"3.3400","0.000065"
"600006",2005-01-27,"3.2800","0.000065"
"600006",2005-01-28,"3.1900","0.000065"
"600006",2005-01-31,"3.1000","0.000065"
"600006",2005-02-01,"3.0900","0.000065"
"600006",2005-02-02,"3.3000","0.000065"
"600006",2005-02-03,"3.1900","0.000065"
"600006",2005-02-04,"3.2500","0.000065"
"600006",2005-02-16,"3.3000","0.000065"
"600006",2005-02-17,"3.3100","0.000065"
"600006",2005-02-18,"3.3500","0.000065"
"600006",2005-02-21,"3.3800","0.000065"
"600006",2005-02-22,"3.4100","0.000065"
"600006",2005-02-23,"3.3700","0.000065"
"600006",2005-02-24,"3.3900","0.000062"
"600006",2005-02-25,"3.3900","0.000062"
"600006",2005-02-28,,"0.000062"
"600006",2005-03-01,,"0.000062"
"600006",2005-03-02,"3.2800","0.000062"
"600006",2005-03-03,"3.2200","0.000059"
"600006",2005-03-04,"3.2000","0.000059"
"600006",2005-03-07,"3.2000","0.000059"
"600006",2005-03-08,"3.2400","0.000059"
"600006",2005-03-09,"3.2400","0.000059"
"600006",2005-03-10,"3.1700","0.000055"
"600006",2005-03-11,"3.1600","0.000055"
"600006",2005-03-14,"3.1000","0.000055"
"600006",2005-03-15,"3.1000","0.000055"
"600006",2005-03-16,"3.0900","0.000055"
"600006",2005-03-17,"3.0200","0.000040"
"600006",2005-03-18,"2.9700","0.000040"
"600006",2005-03-21,"2.9400","0.000040"
"600006",2005-03-22,"2.7100","0.000040"
"600006",2005-03-23,"2.7400","0.000040"
"600006",2005-03-24,"2.7600","0.000035"
"600006",2005-03-25,"2.7500","0.000035"
"600006",2005-03-28,"2.7700","0.000035"
"600006",2005-03-29,"2.7500","0.000035"
"600006",2005-03-30,"2.7000","0.000035"
"600006",2005-03-31,"2.6900","0.000033"
"600006",2005-04-01,"2.8100","0.000033"
"600006",2005-04-04,"2.7200","0.000033"
"600006",2005-04-05,"2.7100","0.000033"
"600006",2005-04-06,"2.7400","0.000033"
"600006",2005-04-07,"2.8200","0.000032"
"600006",2005-04-08,"2.8300","0.000032"
"600006",2005-04-11,"2.9100","0.000032"
"600006",2005-04-12,"2.8500","0.000032"
"600006",2005-04-13,"2.9800","0.000032"
"600006",2005-04-14,"2.9100","0.000030"
"600006",2005-04-15,"2.8200","0.000030"
"600006",2005-04-18,"2.7800","0.000030"
"600006",2005-04-19,"2.7900","0.000030"
"600006",2005-04-20,"2.7400","0.000030"
"600006",2005-04-21,"2.6700","0.000032"
"600006",2005-04-22,"2.7500","0.000032"
"600006",2005-04-25,"2.7500","0.000032"
"600006",2005-04-26,"2.8000","0.000032"
"600006",2005-04-27,"2.8000","0.000032"
"600006",2005-04-28,"2.9500","0.000030"
"600006",2005-04-29,"2.8500","0.000030"
"600006",2005-05-09,,"0.000030"
"600006",2005-05-10,"2.7600","0.000030"
"600006",2005-05-11,"2.7200","0.000030"
"600006",2005-05-12,"2.7100","0.000033"
"600006",2005-05-13,"2.7600","0.000033"
"600006",2005-05-16,"2.7500","0.000033"
"600006",2005-05-17,"2.8400","0.000033"
"600006",2005-05-18,"2.8700","0.000033"
"600006",2005-05-19,"2.8600","0.000033"
"600006",2005-05-20,"2.8100","0.000033"
"600006",2005-05-23,"2.8000","0.000033"
"600006",2005-05-24,"2.8700","0.000033"
"600006",2005-05-25,"2.8900","0.000033"
"600006",2005-05-26,"2.8500","0.000033"
"600006",2005-05-27,"2.8600","0.000033"
"600006",2005-05-30,"2.8800","0.000033"
"600006",2005-05-31,"2.9400","0.000033"
"600006",2005-06-01,"2.8800","0.000033"
"600006",2005-06-02,"2.9100","0.000032"
"600006",2005-06-03,"2.8700","0.000032"
"600006",2005-06-06,"2.8100","0.000032"
"600006",2005-06-07,"2.7600","0.000032"
"600006",2005-06-08,"2.9600","0.000032"
"600006",2005-06-09,"3.0600","0.000030"
"600006",2005-06-10,"3.0500","0.000030"
"600006",2005-06-13,"3.1700","0.000030"
"600006",2005-06-14,"3.0400","0.000030"
"600006",2005-06-15,"2.8700","0.000030"
"600006",2005-06-16,"2.9100","0.000030"
"600006",2005-06-17,"2.9500","0.000030"
"600006",2005-06-20,"3.0400","0.000030"
"600006",2005-06-21,"2.9700","0.000030"
"600006",2005-06-22,"2.9600","0.000030"
"600006",2005-06-23,"2.9100","0.000032"
"600006",2005-06-24,"2.9400","0.000032"
"600006",2005-06-27,"3.0200","0.000032"
"600006",2005-06-28,"2.8800","0.000032"
"600006",2005-06-29,"2.8300","0.000032"
"600006",2005-06-30,"2.7300","0.000033"
"600006",2005-07-01,"2.6600","0.000033"
"600006",2005-07-04,"2.5700","0.000033"
"600006",2005-07-05,"2.5500","0.000033"
"600006",2005-07-06,"2.5600","0.000033"
"600006",2005-07-07,"2.5700","0.000032"
"600006",2005-07-08,"2.5200","0.000032"
"600006",2005-07-11,"2.5300","0.000032"
"600006",2005-07-12,"2.6300","0.000032"
"600006",2005-07-13,"2.5800","0.000032"
"600006",2005-07-14,"2.6000","0.000031"
"600006",2010-08-26,"5.5100","0.000068"
"600006",2010-08-27,"5.5800","0.000068"
"600006",2010-08-30,"5.7500","0.000069"
"600006",2010-08-31,"5.6800","0.000069"
"600006",2010-09-01,"5.5500","0.000069"
"600006",2010-09-02,"5.8200","0.000069"
"600006",2010-09-03,"6.0100","0.000069"
"600006",2010-09-06,"5.9600","0.000069"
"600006",2010-09-07,"6.0400","0.000069"
"600006",2010-09-08,"6.0400","0.000069"
"600006",2010-09-09,"5.8100","0.000070"
"600006",2010-09-10,"5.7700","0.000070"
"600006",2010-09-13,"5.8500","0.000070"
"600006",2010-09-14,"5.8300","0.000070"
"600006",2010-09-15,"5.7200","0.000070"
"600006",2010-09-16,"5.4800","0.000070"
"600006",2010-09-17,"5.4700","0.000070"
"600006",2010-09-20,"5.3600","0.000070"
"600006",2010-09-21,"5.4300","0.000070"
"600006",2010-09-27,"5.5400","0.000071"
"600006",2010-09-28,"5.4900","0.000071"
"600006",2010-09-29,"5.4300","0.000071"
"600006",2010-09-30,"5.4900","0.000072"
"600006",2010-10-08,"5.6300","0.000072"
"600006",2010-10-11,"5.8100","0.000072"
"600006",2010-10-12,"5.9700","0.000072"
"600006",2010-10-13,"5.9300","0.000072"
"600006",2010-10-14,"5.7600","0.000072"
"600006",2010-10-15,"5.8500","0.000073"
"600006",2010-10-18,"5.9400","0.000073"
"600006",2010-10-19,"6.1800","0.000073"
"600006",2010-10-20,"6.2600","0.000075"
"600006",2010-10-21,"6.2500","0.000076"
"600006",2010-10-22,"6.5100","0.000076"
"600006",2010-10-23,,
"600006",2010-10-25,"6.5300","0.000077"
"600006",2010-10-26,"6.3100","0.000077"
"600006",2010-10-27,"6.2300","0.000077"
"600006",2010-10-28,"6.1600","0.000077"
"600006",2010-10-29,"6.2000","0.000078"
"600006",2010-11-01,"6.2700","0.000078"
"600006",2010-11-02,"6.1400","0.000078"
"600006",2010-11-03,"6.1200","0.000078"
"600006",2010-11-04,"6.2100","0.000078"
"600006",2010-11-05,"6.2900","0.000078"
"600006",2010-11-08,"6.4300","0.000078"
"600006",2010-11-09,"6.2800","0.000078"
"600006",2010-11-10,"6.1700","0.000078"
"600006",2010-11-11,"6.1400","0.000079"
"600006",2010-11-12,"5.6500","0.000079"
"600006",2010-11-15,,"0.000079"
"600006",2010-11-16,"5.5300","0.000079"
"600006",2010-11-17,"5.5200","0.000079"
"600006",2010-11-18,"5.6500","0.000079"
"600006",2010-11-19,"5.5600","0.000079"
"600006",2010-11-22,"5.4700","0.000080"
"600006",2010-11-23,"5.4400","0.000081"
"600006",2010-11-24,"5.5100","0.000083"
"600006",2010-11-25,"5.5700","0.000084"
"600006",2010-11-26,"5.4800","0.000086"
"600006",2010-11-29,"5.4500","0.000087"
"600006",2010-11-30,"5.3500","0.000089"
"600006",2010-12-01,"5.3100","0.000090"
"600006",2010-12-02,"5.3400","0.000091"
"600006",2010-12-03,"5.3900","0.000092"
"600006",2010-12-06,"5.3000","0.000092"
"600006",2010-12-07,"5.3000","0.000093"
"600006",2010-12-08,"5.2900","0.000094"
"600006",2010-12-09,"5.1800","0.000097"
"600006",2010-12-10,"5.1800","0.000100"
"600006",2010-12-13,"5.3800","0.000100"
"600006",2010-12-14,"5.3800","0.000102"
"600006",2010-12-15,"5.3200","0.000105"
"600006",2010-12-16,"5.2600","0.000106"
"600006",2010-12-17,"5.2700","0.000106"
"600006",2010-12-20,"5.1700","0.000107"
"600006",2010-12-21,"5.2300","0.000108"
"600006",2010-12-22,"5.1800","0.000113"
"600006",2010-12-23,"5.1200","0.000114"
"600006",2010-12-24,"5.0400","0.000119"
"600006",2010-12-27,"4.9400","0.000125"
"600006",2010-12-28,"4.7700","0.000126"
"600006",2010-12-29,"4.8100","0.000127"
"600006",2010-12-30,"4.7600","0.000127"
"600006",2010-12-31,"4.8400","0.000127"