IdxCd,IdxNm,TrdDt,IdxWkRet
"000300","沪深300",2002-01-04,
"000300","沪深300",2002-01-11,"-0.0506"
"000300","沪深300",2002-01-18,"-0.0803"
"000300","沪深300",2002-01-25,"0.0348"
"000300","沪深300",2002-02-01,"0.0221"
"000300","沪深300",2002-02-08,"0.0159"
"000300","沪深300",2002-03-01,"-0.0064"
"000300","沪深300",2002-03-08,"0.1015"
"000300","沪深300",2002-03-15,"-0.0097"
"000300","沪深300",2002-03-22,"0.0233"
"000300","沪深300",2002-03-29,"-0.0412"
"000300","沪深300",2002-04-05,"0.0143"
"000300","沪深300",2002-04-12,"0.0139"
"000300","沪深300",2002-04-19,"-0.0148"
"000300","沪深300",2002-04-26,"0.0008"
"000300","沪深300",2002-04-30,"0.0164"
"000300","沪深300",2002-05-10,"-0.0134"
"000300","沪深300",2002-05-17,"-0.0436"
"000300","沪深300",2002-05-24,"-0.0088"
"000300","沪深300",2002-05-31,"-0.0216"
"000300","沪深300",2002-06-07,"0.0113"
"000300","沪深300",2002-06-14,"-0.0243"
"000300","沪深300",2002-06-21,"0.0543"
"000300","沪深300",2002-06-28,"0.1107"
"000300","沪深300",2002-07-05,"-0.0110"
"000300","沪深300",2002-07-12,"-0.0183"
"000300","沪深300",2002-07-19,"0.0099"
"000300","沪深300",2002-07-26,"-0.0298"
"000300","沪深300",2002-08-02,"-0.0010"
"000300","沪深300",2002-08-09,"-0.0071"
"000300","沪深300",2002-08-16,"-0.0005"
"000300","沪深300",2002-08-23,"0.0221"
"000300","沪深300",2002-08-30,"-0.0131"
"000300","沪深300",2002-09-06,"-0.0198"
"000300","沪深300",2002-09-13,"-0.0094"
"000300","沪深300",2002-09-20,"-0.0122"
"000300","沪深300",2002-09-27,"-0.0154"
"000300","沪深300",2002-10-11,"-0.0377"
"000300","沪深300",2002-10-18,"-0.0028"
"000300","沪深300",2002-10-25,"-0.0001"
"000300","沪深300",2002-11-01,"-0.0046"
"000300","沪深300",2002-11-08,"0.0042"
"000300","沪深300",2002-11-15,"-0.0373"
"000300","沪深300",2002-11-22,"-0.0496"
"000300","沪深300",2002-11-29,"0.0324"
"000300","沪深300",2002-12-06,"-0.0213"
"000300","沪深300",2002-12-13,"-0.0068"
"000300","沪深300",2002-12-20,"0.0223"
"000300","沪深300",2002-12-27,"-0.0320"
"000300","沪深300",2003-01-03,"-0.0417"
"000300","沪深300",2003-01-10,"0.0448"
"000300","沪深300",2003-01-17,"0.0618"
"000300","沪深300",2003-01-24,"-0.0027"
"000300","沪深300",2003-01-29,"0.0168"
"000300","沪深300",2003-02-14,"0.0051"
"000300","沪深300",2003-02-21,"-0.0182"
"000300","沪深300",2003-02-28,"0.0187"
"000300","沪深300",2003-03-07,"-0.0125"
"000300","沪深300",2003-03-14,"-0.0176"
"000300","沪深300",2003-03-21,"0.0066"
"000300","沪深300",2003-03-28,"0.0117"
"000300","沪深300",2003-04-04,"0.0203"
"000300","沪深300",2003-04-11,"0.0420"
"000300","沪深300",2003-04-18,"0.0199"
"000300","沪深300",2003-04-25,"-0.0731"
"000300","沪深300",2003-04-30,"0.0287"
"000300","沪深300",2003-05-16,"0.0277"
"000300","沪深300",2003-05-23,"0.0074"
"000300","沪深300",2003-05-30,"0.0134"
"000300","沪深300",2003-06-06,"-0.0298"
"000300","沪深300",2003-06-13,"0.0121"
"000300","沪深300",2003-06-20,"-0.0256"
"000300","沪深300",2003-06-27,"-0.0192"
"000300","沪深300",2003-07-04,"0.0076"
"000300","沪深300",2003-07-11,"0.0211"
"000300","沪深300",2003-07-18,"-0.0114"
"000300","沪深300",2003-07-25,"-0.0185"
"000300","沪深300",2003-08-01,"0.0062"
"000300","沪深300",2003-08-08,"-0.0066"
"000300","沪深300",2003-08-15,"-0.0138"
"000300","沪深300",2003-08-22,"-0.0082"
"000300","沪深300",2003-08-29,"-0.0108"
"000300","沪深300",2003-09-05,"0.0045"
"000300","沪深300",2003-09-12,"-0.0167"
"000300","沪深300",2003-09-19,"-0.0128"
"000300","沪深300",2003-09-26,"-0.0157"
"000300","沪深300",2003-09-30,"-0.0037"
"000300","沪深300",2003-10-10,"0.0251"
"000300","沪深300",2003-10-17,"-0.0236"
"000300","沪深300",2003-10-24,"0.0106"
"000300","沪深300",2003-10-31,"-0.0249"
"000300","沪深300",2003-11-07,"-0.0071"
"000300","沪深300",2003-11-14,"-0.0034"
"000300","沪深300",2003-11-21,"0.0140"
"000300","沪深300",2003-11-28,"0.0247"
"000300","沪深300",2003-12-05,"0.0295"
"000300","沪深300",2003-12-12,"0.0055"
"000300","沪深300",2003-12-19,"-0.0165"
"000300","沪深300",2003-12-26,"0.0386"
"000300","沪深300",2004-01-02,"-0.0032"
"000300","沪深300",2004-01-09,"0.0513"
"000300","沪深300",2004-01-16,"0.0141"
"000300","沪深300",2004-01-30,"-0.0023"
"000300","沪深300",2004-02-06,"0.0514"
"000300","沪深300",2004-02-13,"-0.0036"
"000300","沪深300",2004-02-20,"0.0363"
"000300","沪深300",2004-02-27,"-0.0284"
"000300","沪深300",2004-03-05,"-0.0073"
"000300","沪深300",2004-03-12,"0.0125"
"000300","沪深300",2004-03-19,"0.0258"
"000300","沪深300",2004-03-26,"-0.0051"
"000300","沪深300",2004-04-02,"0.0140"
"000300","沪深300",2004-04-09,"-0.0254"
"000300","沪深300",2004-04-16,"-0.0286"
"000300","沪深300",2004-04-23,"-0.0412"
"000300","沪深300",2004-04-30,"-0.0287"
"000300","沪深300",2004-05-14,"-0.0262"
"000300","沪深300",2004-05-21,"0.0016"
"000300","沪深300",2004-05-28,"-0.0062"
"000300","沪深300",2004-06-04,"-0.0074"
"000300","沪深300",2004-06-11,"-0.0438"
"000300","沪深300",2004-06-18,"-0.0326"
"000300","沪深300",2004-06-25,"-0.0194"
"000300","沪深300",2004-07-02,"0.0305"
"000300","沪深300",2004-07-09,"-0.0072"
"000300","沪深300",2004-07-16,"0.0234"
"000300","沪深300",2004-07-23,"-0.0275"
"000300","沪深300",2004-07-30,"-0.0117"
"000300","沪深300",2004-08-06,"-0.0004"
"000300","沪深300",2004-08-13,"-0.0101"
"000300","沪深300",2004-08-20,"-0.0158"
"000300","沪深300",2004-08-27,"-0.0198"
"000300","沪深300",2004-09-03,"0.0041"
"000300","沪深300",2004-09-10,"-0.0272"
"000300","沪深300",2004-09-17,"0.0962"
"000300","沪深300",2004-09-24,"0.0209"
"000300","沪深300",2004-09-30,"-0.0235"
"000300","沪深300",2004-10-08,"0.0204"
"000300","沪深300",2004-10-15,"-0.0621"
"000300","沪深300",2004-10-22,"0.0014"
"000300","沪深300",2004-10-29,"-0.0121"
"000300","沪深300",2004-11-05,"-0.0157"
"000300","沪深300",2004-11-12,"0.0375"
"000300","沪深300",2004-11-19,"0.0175"
"000300","沪深300",2004-11-26,"-0.0150"
"000300","沪深300",2004-12-03,"-0.0155"
"000300","沪深300",2004-12-10,"-0.0140"
"000300","沪深300",2004-12-17,"-0.0197"
"000300","沪深300",2004-12-24,"-0.0064"
"000300","沪深300",2004-12-31,"-0.0161"
"000300","沪深300",2005-01-07,"-0.0160"
"000300","沪深300",2005-01-14,"0.0044"
"000300","沪深300",2005-01-21,"-0.0058"
"000300","沪深300",2005-01-28,"-0.0136"
"000300","沪深300",2005-02-04,"0.0492"
"000300","沪深300",2005-02-18,"-0.0106"
"000300","沪深300",2005-02-25,"0.0405"
"000300","沪深300",2005-03-04,"-0.0221"
"000300","沪深300",2005-03-11,"0.0037"
"000300","沪深300",2005-03-18,"-0.0475"
"000300","沪深300",2005-03-25,"-0.0161"
"000300","沪深300",2005-04-01,"0.0158"
"000300","沪深300",2005-04-08,"0.0259"
"000300","沪深300",2005-04-15,"-0.0293"
"000300","沪深300",2005-04-22,"-0.0359"
"000300","沪深300",2005-04-29,"-0.0071"
"000300","沪深300",2005-05-13,"-0.0481"
"000300","沪深300",2005-05-20,"-0.0054"
"000300","沪深300",2005-05-27,"-0.0377"
"000300","沪深300",2005-06-03,"-0.0371"
"000300","沪深300",2005-06-10,"0.0935"
"000300","沪深300",2005-06-17,"-0.0159"
"000300","沪深300",2005-06-24,"0.0204"
"000300","沪深300",2005-07-01,"-0.0432"
"000300","沪深300",2005-07-08,"-0.0349"
"000300","沪深300",2005-07-15,"0.0139"
"000300","沪深300",2005-07-22,"0.0222"
"000300","沪深300",2005-07-29,"0.0331"
"000300","沪深300",2005-08-05,"0.0401"
"000300","沪深300",2005-08-12,"0.0157"
"000300","沪深300",2005-08-19,"-0.0163"
"000300","沪深300",2005-08-26,"0.0057"
"000300","沪深300",2005-09-02,"0.0211"
"000300","沪深300",2005-09-09,"0.0013"
"000300","沪深300",2005-09-16,"0.0194"
"000300","沪深300",2005-09-23,"-0.0531"
"000300","沪深300",2005-09-30,"0.0014"
"000300","沪深300",2005-10-14,"-0.0137"
"000300","沪深300",2005-10-21,"-0.0005"
"000300","沪深300",2005-10-28,"-0.0406"
"000300","沪深300",2005-11-04,"0.0123"
"000300","沪深300",2005-11-11,"-0.0155"
"000300","沪深300",2005-11-18,"0.0202"
"000300","沪深300",2005-11-25,"0.0021"
"000300","沪深300",2005-12-02,"-0.0160"
"000300","沪深300",2005-12-09,"0.0200"
"000300","沪深300",2005-12-16,"0.0171"
"000300","沪深300",2005-12-23,"0.0148"
"000300","沪深300",2005-12-30,"0.0083"
"000300","沪深300",2006-01-06,"0.0504"
"000300","沪深300",2006-01-13,"0.0090"
"000300","沪深300",2006-01-20,"0.0148"
"000300","沪深300",2006-01-25,"0.0164"
"000300","沪深300",2006-02-10,"0.0225"
"000300","沪深300",2006-02-17,"-0.0116"
"000300","沪深300",2006-02-24,"0.0285"
"000300","沪深300",2006-03-03,"-0.0074"
"000300","沪深300",2006-03-10,"-0.0315"
"000300","沪深300",2006-03-17,"0.0150"
"000300","沪深300",2006-03-24,"0.0182"
"000300","沪深300",2006-03-31,"0.0177"
"000300","沪深300",2006-04-07,"0.0396"
"000300","沪深300",2006-04-14,"0.0140"
"000300","沪深300",2006-04-21,"0.0273"
"000300","沪深300",2006-04-28,"0.0202"
"000300","沪深300",2006-05-12,"0.1057"
"000300","沪深300",2006-05-19,"0.0539"
"000300","沪深300",2006-05-26,"-0.0257"
"000300","沪深300",2006-06-02,"0.0444"
"000300","沪深300",2006-06-09,"-0.0690"
"000300","沪深300",2006-06-16,"0.0184"
"000300","沪深300",2006-06-23,"0.0163"
"000300","沪深300",2006-06-30,"0.0407"
"000300","沪深300",2006-07-07,"0.0118"
"000300","沪深300",2006-07-14,"-0.0378"
"000300","沪深300",2006-07-21,"-0.0008"
"000300","沪深300",2006-07-28,"-0.0108"
"000300","沪深300",2006-08-04,"-0.0742"
"000300","沪深300",2006-08-11,"0.0272"
"000300","沪深300",2006-08-18,"-0.0061"
"000300","沪深300",2006-08-25,"0.0217"
"000300","沪深300",2006-09-01,"0.0175"
"000300","沪深300",2006-09-08,"0.0107"
"000300","沪深300",2006-09-15,"0.0226"
"000300","沪深300",2006-09-22,"0.0092"
"000300","沪深300",2006-09-29,"0.0207"
"000300","沪深300",2006-10-13,"0.0197"
"000300","沪深300",2006-10-20,"0.0065"
"000300","沪深300",2006-10-27,"-0.0008"
"000300","沪深300",2006-11-03,"0.0342"
"000300","沪深300",2006-11-10,"0.0106"
"000300","沪深300",2006-11-17,"0.0386"
"000300","沪深300",2006-11-24,"0.0477"
"000300","沪深300",2006-12-01,"0.0566"
"000300","沪深300",2006-12-08,"-0.0102"
"000300","沪深300",2006-12-15,"0.0912"
"000300","沪深300",2006-12-22,"0.0150"
"000300","沪深300",2006-12-29,"0.0767"
"000300","沪深300",2007-01-05,"0.0156"
"000300","沪深300",2007-01-12,"0.0487"
"000300","沪深300",2007-01-19,"0.1023"
"000300","沪深300",2007-01-26,"0.0488"
"000300","沪深300",2007-02-02,"-0.0855"
"000300","沪深300",2007-02-09,"0.0432"
"000300","沪深300",2007-02-16,"0.1166"
"000300","沪深300",2007-03-02,"-0.0628"
"000300","沪深300",2007-03-09,"0.0409"
"000300","沪深300",2007-03-16,"-0.0027"
"000300","沪深300",2007-03-23,"0.0430"
"000300","沪深300",2007-03-30,"0.0241"
"000300","沪深300",2007-04-06,"0.0684"
"000300","沪深300",2007-04-13,"0.0664"
"000300","沪深300",2007-04-20,"0.0379"
"000300","沪深300",2007-04-27,"0.0551"
"000300","沪深300",2007-04-30,"0.0254"
"000300","沪深300",2007-05-11,"0.0404"
"000300","沪深300",2007-05-18,"0.0200"
"000300","沪深300",2007-05-25,"0.0552"
"000300","沪深300",2007-06-01,"-0.0455"
"000300","沪深300",2007-06-08,"0.0089"
"000300","沪深300",2007-06-15,"0.0681"
"000300","沪深300",2007-06-22,"-0.0117"
"000300","沪深300",2007-06-29,"-0.0709"
"000300","沪深300",2007-07-06,"-0.0143"
"000300","沪深300",2007-07-13,"0.0296"
"000300","沪深300",2007-07-20,"0.0397"
"000300","沪深300",2007-07-27,"0.0844"
"000300","沪深300",2007-08-03,"0.0676"
"000300","沪深300",2007-08-10,"0.0279"
"000300","沪深300",2007-08-17,"-0.0212"
"000300","沪深300",2007-08-24,"0.1277"
"000300","沪深300",2007-08-31,"0.0152"
"000300","沪深300",2007-09-07,"-0.0004"
"000300","沪深300",2007-09-14,"0.0194"
"000300","沪深300",2007-09-21,"0.0131"
"000300","沪深300",2007-09-28,"0.0206"
"000300","沪深300",2007-10-12,"0.0280"
"000300","沪深300",2007-10-19,"-0.0215"
"000300","沪深300",2007-10-26,"-0.0391"
"000300","沪深300",2007-11-02,"0.0145"
"000300","沪深300",2007-11-09,"-0.0790"
"000300","沪深300",2007-11-16,"-0.0065"
"000300","沪深300",2007-11-23,"-0.0303"
"000300","沪深300",2007-11-30,"-0.0245"
"000300","沪深300",2007-12-07,"0.0642"
"000300","沪深300",2007-12-14,"-0.0126"
"000300","沪深300",2007-12-21,"0.0250"
"000300","沪深300",2007-12-28,"0.0463"
"000300","沪深300",2008-01-04,"0.0272"
"000300","沪深300",2008-01-11,"0.0393"
"000300","沪深300",2008-01-18,"-0.0500"
"000300","沪深300",2008-01-25,"-0.0622"
"000300","沪深300",2008-02-01,"-0.0996"
"000300","沪深300",2008-02-05,"0.0765"
"000300","沪深300",2008-02-15,"-0.0220"
"000300","沪深300",2008-02-22,"-0.0231"
"000300","沪深300",2008-02-29,"-0.0059"
"000300","沪深300",2008-03-07,"-0.0113"
"000300","沪深300",2008-03-14,"-0.1004"
"000300","沪深300",2008-03-21,"-0.0289"
"000300","沪深300",2008-03-28,"-0.0296"
"000300","沪深300",2008-04-03,"-0.0683"
"000300","沪深300",2008-04-11,"0.0364"
"000300","沪深300",2008-04-18,"-0.1351"
"000300","沪深300",2008-04-25,"0.1621"
"000300","沪深300",2008-04-30,"0.0410"
"000300","沪深300",2008-05-09,"-0.0203"
"000300","沪深300",2008-05-16,"0.0147"
"000300","沪深300",2008-05-23,"-0.0663"
"000300","沪深300",2008-05-30,"-0.0174"
"000300","沪深300",2008-06-06,"-0.0337"
"000300","沪深300",2008-06-13,"-0.1463"
"000300","沪深300",2008-06-20,"-0.0435"
"000300","沪深300",2008-06-27,"-0.0118"
"000300","沪深300",2008-07-04,"-0.0263"
"000300","沪深300",2008-07-11,"0.0772"
"000300","沪深300",2008-07-18,"-0.0467"
"000300","沪深300",2008-07-25,"0.0440"
"000300","沪深300",2008-08-01,"-0.0335"
"000300","沪深300",2008-08-08,"-0.0878"
"000300","沪深300",2008-08-15,"-0.0555"
"000300","沪深300",2008-08-22,"-0.0174"
"000300","沪深300",2008-08-29,"-0.0055"
"000300","沪深300",2008-09-05,"-0.0871"
"000300","沪深300",2008-09-12,"-0.0484"
"000300","沪深300",2008-09-19,"-0.0023"
"000300","沪深300",2008-09-26,"0.0823"
"000300","沪深300",2008-10-10,"-0.1501"
"000300","沪深300",2008-10-17,"-0.0386"
"000300","沪深300",2008-10-24,"-0.0282"
"000300","沪深300",2008-10-31,"-0.0662"
"000300","沪深300",2008-11-07,"0.0085"
"000300","沪深300",2008-11-14,"0.1584"
"000300","沪深300",2008-11-21,"-0.0118"
"000300","沪深300",2008-11-28,"-0.0473"
"000300","沪深300",2008-12-05,"0.1001"
"000300","沪深300",2008-12-12,"-0.0262"
"000300","沪深300",2008-12-19,"0.0468"
"000300","沪深300",2008-12-26,"-0.0926"
"000300","沪深300",2008-12-31,"-0.0238"
"000300","沪深300",2009-01-09,"0.0554"
"000300","沪深300",2009-01-16,"0.0375"
"000300","沪深300",2009-01-23,"0.0213"
"000300","沪深300",2009-02-06,"0.1007"
"000300","沪深300",2009-02-13,"0.0723"
"000300","沪深300",2009-02-20,"-0.0228"
"000300","沪深300",2009-02-27,"-0.0869"
"000300","沪深300",2009-03-06,"0.0682"
"000300","沪深300",2009-03-13,"-0.0355"
"000300","沪深300",2009-03-20,"0.0791"
"000300","沪深300",2009-03-27,"0.0500"
"000300","沪深300",2009-04-03,"0.0286"
"000300","沪深300",2009-04-10,"0.0097"
"000300","沪深300",2009-04-17,"0.0213"
"000300","沪深300",2009-04-24,"-0.0294"
"000300","沪深300",2009-04-30,"0.0194"
"000300","沪深300",2009-05-08,"0.0634"
"000300","沪深300",2009-05-15,"0.0025"
"000300","沪深300",2009-05-22,"-0.0198"
"000300","沪深300",2009-05-27,"0.0069"
"000300","沪深300",2009-06-05,"0.0651"
"000300","沪深300",2009-06-12,"-0.0112"
"000300","沪深300",2009-06-19,"0.0598"
"000300","沪深300",2009-06-26,"0.0157"
"000300","沪深300",2009-07-03,"0.0635"
"000300","沪深300",2009-07-10,"0.0214"
"000300","沪深300",2009-07-17,"0.0358"
"000300","沪深300",2009-07-24,"0.0420"
"000300","沪深300",2009-07-31,"0.0183"
"000300","沪深300",2009-08-07,"-0.0481"
"000300","沪深300",2009-08-14,"-0.0592"
"000300","沪深300",2009-08-21,"-0.0421"
"000300","沪深300",2009-08-28,"-0.0490"
"000300","沪深300",2009-09-04,"0.0100"
"000300","沪深300",2009-09-11,"0.0523"
"000300","沪深300",2009-09-18,"-0.0119"
"000300","沪深300",2009-09-25,"-0.0441"
"000300","沪深300",2009-09-30,"-0.0176"
"000300","沪深300",2009-10-09,"0.0529"
"000300","沪深300",2009-10-16,"0.0247"
"000300","沪深300",2009-10-23,"0.0529"
"000300","沪深300",2009-10-30,"-0.0389"
"000300","沪深300",2009-11-06,"0.0618"
"000300","沪深300",2009-11-13,"0.0103"
"000300","沪深300",2009-11-20,"0.0319"
"000300","沪深300",2009-11-27,"-0.0684"
"000300","沪深300",2009-12-04,"0.0772"
"000300","沪深300",2009-12-11,"-0.0188"
"000300","沪深300",2009-12-18,"-0.0513"
"000300","沪深300",2009-12-25,"0.0097"
"000300","沪深300",2009-12-31,"0.0441"
"000300","沪深300",2010-01-08,"-0.0267"
"000300","沪深300",2010-01-15,"0.0007"
"000300","沪深300",2010-01-22,"-0.0335"
"000300","沪深300",2010-01-29,"-0.0481"
"000300","沪深300",2010-02-05,"-0.0159"
"000300","沪深300",2010-02-12,"0.0311"
"000300","沪深300",2010-02-26,"0.0093"
"000300","沪深300",2010-03-05,"-0.0067"
"000300","沪深300",2010-03-12,"-0.0082"
"000300","沪深300",2010-03-19,"0.0188"
"000300","沪深300",2010-03-26,"-0.0057"
"000300","沪深300",2010-04-02,"0.0404"
"000300","沪深300",2010-04-09,"-0.0083"
"000300","沪深300",2010-04-16,"-0.0068"
"000300","沪深300",2010-04-23,"-0.0496"
"000300","沪深300",2010-04-30,"-0.0384"
"000300","沪深300",2010-05-07,"-0.0752"
"000300","沪深300",2010-05-14,"0.0110"
"000300","沪深300",2010-05-21,"-0.0346"
"000300","沪深300",2010-05-28,"0.0294"
"000300","沪深300",2010-06-04,"-0.0372"
"000300","沪深300",2010-06-11,"0.0053"
"000300","沪深300",2010-06-18,"-0.0227"
"000300","沪深300",2010-06-25,"0.0149"
"000300","沪深300",2010-07-02,"-0.0739"
"000300","沪深300",2010-07-09,"0.0446"
"000300","沪深300",2010-07-16,"-0.0117"
"000300","沪深300",2010-07-23,"0.0676"
"000300","沪深300",2010-07-30,"0.0271"
"000300","沪深300",2010-08-06,"0.0100"
"000300","沪深300",2010-08-13,"-0.0145"
"000300","沪深300",2010-08-20,"0.0150"
"000300","沪深300",2010-08-27,"-0.0137"
"000300","沪深300",2010-09-03,"0.0216"
"000300","沪深300",2010-09-10,"0.0042"
"000300","沪深300",2010-09-17,"-0.0243"
"000300","沪深300",2010-09-21,"-0.0014"
"000300","沪深300",2010-09-30,"0.0273"
"000300","沪深300",2010-10-08,"0.0370"
"000300","沪深300",2010-10-15,"0.0931"
"000300","沪深300",2010-10-22,"0.0153"
"000300","沪深300",2010-10-29,"0.0004"
"000300","沪深300",2010-11-05,"0.0417"
"000300","沪深300",2010-11-12,"-0.0650"
"000300","沪深300",2010-11-19,"-0.0343"
"000300","沪深300",2010-11-26,"0.0050"
"000300","沪深300",2010-12-03,"-0.0115"
"000300","沪深300",2010-12-10,"0.0012"
"000300","沪深300",2010-12-17,"0.0201"
"000300","沪深300",2010-12-24,"-0.0194"
"000300","沪深300",2010-12-31,"-0.0110"
"000300","沪深300",2011-01-07,"0.0123"
"000300","沪深300",2011-01-14,"-0.0236"
"000300","沪深300",2011-01-21,"-0.0351"
"000300","沪深300",2011-01-28,"0.0179"
"000300","沪深300",2011-02-01,"0.0134"
"000300","沪深300",2011-02-11,"0.0142"
"000300","沪深300",2011-02-18,"0.0291"
"000300","沪深300",2011-02-25,"-0.0044"
"000300","沪深300",2011-03-04,"0.0228"
"000300","沪深300",2011-03-11,"-0.0071"
"000300","沪深300",2011-03-18,"-0.0098"
"000300","沪深300",2011-03-25,"0.0245"
"000300","沪深300",2011-04-01,"-0.0066"
"000300","沪深300",2011-04-08,"0.0246"
"000300","沪深300",2011-04-15,"0.0017"
"000300","沪深300",2011-04-22,"-0.0176"
"000300","沪深300",2011-04-29,"-0.0325"
"000300","沪深300",2011-05-06,"-0.0223"
"000300","沪深300",2011-05-13,"0.0021"
"000300","沪深300",2011-05-20,"-0.0021"
"000300","沪深300",2011-05-27,"-0.0507"
"000300","沪深300",2011-06-03,"0.0078"
"000300","沪深300",2011-06-10,"-0.0082"
"000300","沪深300",2011-06-17,"-0.0236"
"000300","沪深300",2011-06-24,"0.0468"
"000300","沪深300",2011-07-01,"0.0074"
"000300","沪深300",2011-07-08,"0.0195"
"000300","沪深300",2011-07-15,"0.0063"
"000300","沪深300",2011-07-22,"-0.0195"
"000300","沪深300",2011-07-29,"-0.0313"
"000300","沪深300",2011-08-05,"-0.0251"
"000300","沪深300",2011-08-12,"-0.0076"
"000300","沪深300",2011-08-19,"-0.0235"
"000300","沪深300",2011-08-26,"0.0333"
"000300","沪深300",2011-09-02,"-0.0336"
"000300","沪深300",2011-09-09,"-0.0188"
"000300","沪深300",2011-09-16,"-0.0062"
"000300","沪深300",2011-09-23,"-0.0236"
"000300","沪深300",2011-09-30,"-0.0330"
"000300","沪深300",2011-10-14,"0.0281"
"000300","沪深300",2011-10-21,"-0.0550"
"000300","沪深300",2011-10-28,"0.0802"
"000300","沪深300",2011-11-04,"0.0202"
"000300","沪深300",2011-11-11,"-0.0249"
"000300","沪深300",2011-11-18,"-0.0328"
"000300","沪深300",2011-11-25,"-0.0140"
"000300","沪深300",2011-12-02,"-0.0049"
"000300","沪深300",2011-12-09,"-0.0211"
"000300","沪深300",2011-12-16,"-0.0453"
"000300","沪深300",2011-12-23,"-0.0130"
"000300","沪深300",2011-12-30,"-0.0057"
"000300","沪深300",2012-01-06,"-0.0235"
"000300","沪深300",2012-01-13,"0.0453"
"000300","沪深300",2012-01-20,"0.0458"
"000300","沪深300",2012-02-03,"0.0008"
"000300","沪深300",2012-02-10,"0.0110"
"000300","沪深300",2012-02-17,"0.0014"
"000300","沪深300",2012-02-24,"0.0437"
"000300","沪深300",2012-03-02,"0.0121"
"000300","沪深300",2012-03-09,"-0.0058"
"000300","沪深300",2012-03-16,"-0.0153"
"000300","沪深300",2012-03-23,"-0.0269"
"000300","沪深300",2012-03-30,"-0.0384"
"000300","沪深300",2012-04-06,"0.0264"
"000300","沪深300",2012-04-13,"0.0241"
"000300","沪深300",2012-04-20,"0.0180"
"000300","沪深300",2012-04-27,"-0.0003"
"000300","沪深300",2012-05-04,"0.0342"
"000300","沪深300",2012-05-11,"-0.0291"
"000300","沪深300",2012-05-18,"-0.0239"
"000300","沪深300",2012-05-25,"-0.0003"
"000300","沪深300",2012-06-01,"0.0233"
"000300","沪深300",2012-06-08,"-0.0413"
"000300","沪深300",2012-06-15,"0.0173"
"000300","沪深300",2012-06-21,"-0.0218"
"000300","沪深300",2012-06-29,"-0.0201"
"000300","沪深300",2012-07-06,"0.0045"
"000300","沪深300",2012-07-13,"-0.0089"
"000300","沪深300",2012-07-20,"-0.0213"
"000300","沪深300",2012-07-27,"-0.0206"
"000300","沪深300",2012-08-03,"0.0020"
"000300","沪深300",2012-08-10,"0.0195"
"000300","沪深300",2012-08-17,"-0.0360"
"000300","沪深300",2012-08-24,"-0.0163"
"000300","沪深300",2012-08-31,"-0.0311"
"000300","沪深300",2012-09-07,"0.0509"
"000300","沪深300",2012-09-14,"-0.0007"
"000300","沪深300",2012-09-21,"-0.0503"
"000300","沪深300",2012-09-28,"0.0428"
"000300","沪深300",2012-10-12,"0.0050"
"000300","沪深300",2012-10-19,"0.0121"
"000300","沪深300",2012-10-26,"-0.0363"
"000300","沪深300",2012-11-02,"0.0262"
"000300","沪深300",2012-11-09,"-0.0285"
"000300","沪深300",2012-11-16,"-0.0284"
"000300","沪深300",2012-11-23,"0.0071"
"000300","沪深300",2012-11-30,"-0.0242"
"000300","沪深300",2012-12-07,"0.0501"
"000300","沪深300",2012-12-14,"0.0486"
"000300","沪深300",2012-12-21,"0.0068"
"000300","沪深300",2012-12-28,"0.0456"
"000300","沪深300",2013-01-04,"0.0179"
"000300","沪深300",2013-01-11,"-0.0163"
"000300","沪深300",2013-01-18,"0.0452"
"000300","沪深300",2013-01-25,"-0.0092"
"000300","沪深300",2013-02-01,"0.0667"
"000300","沪深300",2013-02-08,"0.0104"
"000300","沪深300",2013-02-22,"-0.0632"
"000300","沪深300",2013-03-01,"0.0278"
"000300","沪深300",2013-03-08,"-0.0232"
"000300","沪深300",2013-03-15,"-0.0257"
"000300","沪深300",2013-03-22,"0.0309"
"000300","沪深300",2013-03-29,"-0.0471"
"000300","沪深300",2013-04-03,"-0.0046"
"000300","沪深300",2013-04-12,"-0.0086"
"000300","沪深300",2013-04-19,"0.0291"
"000300","沪深300",2013-04-26,"-0.0341"
"000300","沪深300",2013-05-03,"0.0186"
"000300","沪深300",2013-05-10,"0.0192"
"000300","沪深300",2013-05-17,"0.0202"
"000300","沪深300",2013-05-24,"0.0020"
"000300","沪深300",2013-05-31,"0.0035"
"000300","沪深300",2013-06-07,"-0.0469"
"000300","沪深300",2013-06-14,"-0.0271"
"000300","沪深300",2013-06-21,"-0.0411"
"000300","沪深300",2013-06-28,"-0.0504"
"000300","沪深300",2013-07-05,"0.0119"
"000300","沪深300",2013-07-12,"0.0218"
"000300","沪深300",2013-07-19,"-0.0373"
"000300","沪深300",2013-07-26,"0.0153"
"000300","沪深300",2013-08-02,"0.0105"
"000300","沪深300",2013-08-09,"0.0172"
"000300","沪深300",2013-08-16,"0.0079"
"000300","沪深300",2013-08-23,"-0.0075"
"000300","沪深300",2013-08-30,"0.0118"
"000300","沪深300",2013-09-06,"0.0190"
"000300","沪深300",2013-09-13,"0.0556"
"000300","沪深300",2013-09-18,"-0.0227"
"000300","沪深300",2013-09-27,"-0.0154"
"000300","沪深300",2013-09-30,"0.0059"
"000300","沪深300",2013-10-11,"0.0247"
"000300","沪深300",2013-10-18,"-0.0172"
"000300","沪深300",2013-10-25,"-0.0237"
"000300","沪深300",2013-11-01,"0.0069"
"000300","沪深300",2013-11-08,"-0.0323"
"000300","沪深300",2013-11-15,"0.0185"
"000300","沪深300",2013-11-22,"0.0201"
"000300","沪深300",2013-11-29,"0.0171"
"000300","沪深300",2013-12-06,"0.0055"
"000300","沪深300",2013-12-13,"-0.0186"
"000300","沪深300",2013-12-20,"-0.0534"
"000300","沪深300",2013-12-27,"0.0111"
"000300","沪深300",2014-01-03,"-0.0055"
"000300","沪深300",2014-01-10,"-0.0375"
"000300","沪深300",2014-01-17,"-0.0120"
"000300","沪深300",2014-01-24,"0.0308"
"000300","沪深300",2014-01-30,"-0.0192"
"000300","沪深300",2014-02-07,"0.0046"
"000300","沪深300",2014-02-14,"0.0376"
"000300","沪深300",2014-02-21,"-0.0136"
"000300","沪深300",2014-02-28,"-0.0377"
"000300","沪深300",2014-03-07,"-0.0049"
"000300","沪深300",2014-03-14,"-0.0210"
"000300","沪深300",2014-03-21,"0.0169"
"000300","沪深300",2014-03-28,"-0.0032"
"000300","沪深300",2014-04-04,"0.0156"
"000300","沪深300",2014-04-11,"0.0390"
"000300","沪深300",2014-04-18,"-0.0203"
"000300","沪深300",2014-04-25,"-0.0255"
"000300","沪深300",2014-04-30,"-0.0042"
"000300","沪深300",2014-05-09,"-0.0115"
"000300","沪深300",2014-05-16,"0.0056"
"000300","沪深300",2014-05-23,"0.0011"
"000300","沪深300",2014-05-30,"0.0037"
"000300","沪深300",2014-06-06,"-0.0101"
"000300","沪深300",2014-06-13,"0.0195"
"000300","沪深300",2014-06-20,"-0.0182"
"000300","沪深300",2014-06-27,"0.0063"
"000300","沪深300",2014-07-04,"0.0132"
"000300","沪深300",2014-07-11,"-0.0141"
"000300","沪深300",2014-07-18,"0.0075"
"000300","沪深300",2014-07-25,"0.0445"
"000300","沪深300",2014-08-01,"0.0305"
"000300","沪深300",2014-08-08,"0.0007"
"000300","沪深300",2014-08-15,"0.0127"
"000300","沪深300",2014-08-22,"0.0020"
"000300","沪深300",2014-08-29,"-0.0114"
"000300","沪深300",2014-09-05,"0.0475"
"000300","沪深300",2014-09-12,"-0.0045"
"000300","沪深300",2014-09-19,"-0.0054"
"000300","沪深300",2014-09-26,"0.0049"
"000300","沪深300",2014-09-30,"0.0057"
"000300","沪深300",2014-10-10,"0.0064"
"000300","沪深300",2014-10-17,"-0.0102"
"000300","沪深300",2014-10-24,"-0.0209"
"000300","沪深300",2014-10-31,"0.0492"
"000300","沪深300",2014-11-07,"-0.0025"
"000300","沪深300",2014-11-14,"0.0315"
"000300","沪深300",2014-11-21,"0.0009"
"000300","沪深300",2014-11-28,"0.0872"
"000300","沪深300",2014-12-05,"0.1125"
"000300","沪深300",2014-12-12,"0.0219"
"000300","沪深300",2014-12-19,"0.0595"
"000300","沪深300",2014-12-26,"0.0185"
"000300","沪深300",2014-12-31,"0.0255"
"000300","沪深300",2015-01-09,"0.0037"
"000300","沪深300",2015-01-16,"0.0249"
"000300","沪深300",2015-01-23,"-0.0174"
"000300","沪深300",2015-01-30,"-0.0385"
"000300","沪深300",2015-02-06,"-0.0355"
"000300","沪深300",2015-02-13,"0.0475"
"000300","沪深300",2015-02-17,"0.0151"
"000300","沪深300",2015-02-27,"0.0143"
"000300","沪深300",2015-03-06,"-0.0264"
"000300","沪深300",2015-03-13,"0.0400"
"000300","沪深300",2015-03-20,"0.0760"
"000300","沪深300",2015-03-27,"0.0203"
"000300","沪深300",2015-04-03,"0.0501"
"000300","沪深300",2015-04-10,"0.0417"
"000300","沪深300",2015-04-17,"0.0579"
"000300","沪深300",2015-04-24,"0.0232"
"000300","沪深300",2015-04-30,"0.0100"
"000300","沪深300",2015-05-08,"-0.0403"
"000300","沪深300",2015-05-15,"0.0130"
"000300","沪深300",2015-05-22,"0.0723"
"000300","沪深300",2015-05-29,"-0.0223"
"000300","沪深300",2015-06-05,"0.0805"
"000300","沪深300",2015-06-12,"0.0200"
"000300","沪深300",2015-06-19,"-0.1308"
"000300","沪深300",2015-06-26,"-0.0649"
"000300","沪深300",2015-07-03,"-0.1038"
"000300","沪深300",2015-07-10,"0.0568"
"000300","沪深300",2015-07-17,"0.0109"
"000300","沪深300",2015-07-24,"0.0060"
"000300","沪深300",2015-07-31,"-0.0861"
"000300","沪深300",2015-08-07,"0.0236"
"000300","沪深300",2015-08-14,"0.0426"
"000300","沪深300",2015-08-21,"-0.1188"
"000300","沪深300",2015-08-28,"-0.0689"
"000300","沪深300",2015-09-02,"0.0070"
"000300","沪深300",2015-09-11,"-0.0055"
"000300","沪深300",2015-09-18,"-0.0287"
"000300","沪深300",2015-09-25,"-0.0059"
"000300","沪深300",2015-09-30,"-0.0090"
"000300","沪深300",2015-10-09,"0.0428"
"000300","沪深300",2015-10-16,"0.0581"
"000300","沪深300",2015-10-23,"0.0105"
"000300","沪深300",2015-10-30,"-0.0104"
"000300","沪深300",2015-11-06,"0.0734"
"000300","沪深300",2015-11-13,"-0.0124"
"000300","沪深300",2015-11-20,"0.0075"
"000300","沪深300",2015-11-27,"-0.0576"
"000300","沪深300",2015-12-04,"0.0339"
"000300","沪深300",2015-12-11,"-0.0189"
"000300","沪深300",2015-12-18,"0.0443"
"000300","沪深300",2015-12-25,"0.0187"
"000300","沪深300",2015-12-31,"-0.0279"
"000300","沪深300",2016-01-08,"-0.0990"
"000300","沪深300",2016-01-15,"-0.0722"
"000300","沪深300",2016-01-22,"-0.0017"
"000300","沪深300",2016-01-29,"-0.0538"
"000300","沪深300",2016-02-05,"0.0060"
"000300","沪深300",2016-02-19,"0.0296"
"000300","沪深300",2016-02-26,"-0.0339"
"000300","沪深300",2016-03-04,"0.0495"
"000300","沪深300",2016-03-11,"-0.0244"
"000300","沪深300",2016-03-18,"0.0509"
"000300","沪深300",2016-03-25,"0.0082"
"000300","沪深300",2016-04-01,"0.0075"
"000300","沪深300",2016-04-08,"-0.0112"
"000300","沪深300",2016-04-15,"0.0271"
"000300","沪深300",2016-04-22,"-0.0297"
"000300","沪深300",2016-04-29,"-0.0057"
"000300","沪深300",2016-05-06,"-0.0084"
"000300","沪深300",2016-05-13,"-0.0177"
"000300","沪深300",2016-05-20,"0.0011"
"000300","沪深300",2016-05-27,"-0.0051"
"000300","沪深300",2016-06-03,"0.0414"
"000300","沪深300",2016-06-08,"-0.0079"
"000300","沪深300",2016-06-17,"-0.0169"
"000300","沪深300",2016-06-24,"-0.0107"
"000300","沪深300",2016-07-01,"0.0250"
"000300","沪深300",2016-07-08,"0.0121"
"000300","沪深300",2016-07-15,"0.0263"
"000300","沪深300",2016-07-22,"-0.0156"
"000300","沪深300",2016-07-29,"-0.0066"
"000300","沪深300",2016-08-05,"0.0004"
"000300","沪深300",2016-08-12,"0.0278"
"000300","沪深300",2016-08-19,"0.0215"
"000300","沪深300",2016-08-26,"-0.0172"
"000300","沪深300",2016-09-02,"0.0021"
"000300","沪深300",2016-09-09,"0.0012"
"000300","沪深300",2016-09-14,"-0.0239"
"000300","沪深300",2016-09-23,"0.0114"
"000300","沪深300",2016-09-30,"-0.0068"
"000300","沪深300",2016-10-14,"0.0162"
"000300","沪深300",2016-10-21,"0.0066"
"000300","沪深300",2016-10-28,"0.0037"
"000300","沪深300",2016-11-04,"0.0042"
"000300","沪深300",2016-11-11,"0.0188"
"000300","沪深300",2016-11-18,"0.0001"
"000300","沪深300",2016-11-25,"0.0304"
"000300","沪深300",2016-12-02,"0.0022"
"000300","沪深300",2016-12-09,"-0.0100"
"000300","沪深300",2016-12-16,"-0.0423"
"000300","沪深300",2016-12-23,"-0.0115"
"000300","沪深300",2016-12-30,"0.0008"
"000300","沪深300",2017-01-06,"0.0114"
"000300","沪深300",2017-01-13,"-0.0083"
"000300","沪深300",2017-01-20,"0.0105"
"000300","沪深300",2017-01-26,"0.0099"
"000300","沪深300",2017-02-03,"-0.0069"
"000300","沪深300",2017-02-10,"0.0146"
"000300","沪深300",2017-02-17,"0.0023"
"000300","沪深300",2017-02-24,"0.0153"
"000300","沪深300",2017-03-03,"-0.0132"
"000300","沪深300",2017-03-10,"0.0000"
"000300","沪深300",2017-03-17,"0.0052"
"000300","沪深300",2017-03-24,"0.0127"
"000300","沪深300",2017-03-31,"-0.0096"
"000300","沪深300",2017-04-07,"0.0178"
"000300","沪深300",2017-04-14,"-0.0088"
"000300","沪深300",2017-04-21,"-0.0057"
"000300","沪深300",2017-04-28,"-0.0078"
"000300","沪深300",2017-05-05,"-0.0166"
"000300","沪深300",2017-05-12,"0.0008"
"000300","沪深300",2017-05-19,"0.0055"
"000300","沪深300",2017-05-26,"0.0225"
"000300","沪深300",2017-06-02,"0.0017"
"000300","沪深300",2017-06-09,"0.0257"
"000300","沪深300",2017-06-16,"-0.0161"
"000300","沪深300",2017-06-23,"0.0296"
"000300","沪深300",2017-06-30,"0.0121"
"000300","沪深300",2017-07-07,"-0.0030"
"000300","沪深300",2017-07-14,"0.0129"
"000300","沪深300",2017-07-21,"0.0069"
"000300","沪深300",2017-07-28,"-0.0018"
"000300","沪深300",2017-08-04,"-0.0038"
"000300","沪深300",2017-08-11,"-0.0162"
"000300","沪深300",2017-08-18,"0.0212"
"000300","沪深300",2017-08-25,"0.0191"
"000300","沪深300",2017-09-01,"0.0092"
"000300","沪深300",2017-09-08,"-0.0012"
"000300","沪深300",2017-09-15,"0.0014"
"000300","沪深300",2017-09-22,"0.0017"
"000300","沪深300",2017-09-29,"-0.0003"
"000300","沪深300",2017-10-13,"0.0220"
"000300","沪深300",2017-10-20,"0.0015"
"000300","沪深300",2017-10-27,"0.0242"
"000300","沪深300",2017-11-03,"-0.0073"
"000300","沪深300",2017-11-10,"0.0299"
"000300","沪深300",2017-11-17,"0.0022"
"000300","沪深300",2017-11-24,"-0.0040"
"000300","沪深300",2017-12-01,"-0.0258"
"000300","沪深300",2017-12-08,"0.0013"
"000300","沪深300",2017-12-15,"-0.0056"
"000300","沪深300",2017-12-22,"0.0185"
"000300","沪深300",2017-12-29,"-0.0059"
"000300","沪深300",2018-01-05,"0.0268"
"000300","沪深300",2018-01-12,"0.0208"
"000300","沪深300",2018-01-19,"0.0143"
"000300","沪深300",2018-01-26,"0.0224"
"000300","沪深300",2018-02-02,"-0.0251"
"000300","沪深300",2018-02-09,"-0.1008"
"000300","沪深300",2018-02-14,"0.0329"
"000300","沪深300",2018-02-23,"0.0262"
"000300","沪深300",2018-03-02,"-0.0134"
"000300","沪深300",2018-03-09,"0.0230"
"000300","沪深300",2018-03-16,"-0.0128"
"000300","沪深300",2018-03-23,"-0.0373"
"000300","沪深300",2018-03-30,"-0.0016"
"000300","沪深300",2018-04-04,"-0.0112"
"000300","沪深300",2018-04-13,"0.0042"
"000300","沪深300",2018-04-20,"-0.0285"
"000300","沪深300",2018-04-27,"-0.0011"
"000300","沪深300",2018-05-04,"0.0047"
"000300","沪深300",2018-05-11,"0.0260"
"000300","沪深300",2018-05-18,"0.0078"
"000300","沪深300",2018-05-25,"-0.0222"
"000300","沪深300",2018-06-01,"-0.0120"
"000300","沪深300",2018-06-08,"0.0024"
"000300","沪深300",2018-06-15,"-0.0069"
"000300","沪深300",2018-06-22,"-0.0385"
"000300","沪深300",2018-06-29,"-0.0271"
"000300","沪深300",2018-07-06,"-0.0415"
"000300","沪深300",2018-07-13,"0.0379"
"000300","沪深300",2018-07-20,"0.0001"
"000300","沪深300",2018-07-27,"0.0081"
"000300","沪深300",2018-08-03,"-0.0585"
"000300","沪深300",2018-08-10,"0.0271"
"000300","沪深300",2018-08-17,"-0.0515"
"000300","沪深300",2018-08-24,"0.0296"
"000300","沪深300",2018-08-31,"0.0028"
"000300","沪深300",2018-09-07,"-0.0171"
"000300","沪深300",2018-09-14,"-0.0108"
"000300","沪深300",2018-09-21,"0.0519"
"000300","沪深300",2018-09-28,"0.0083"
"000300","沪深300",2018-10-12,"-0.0780"
"000300","沪深300",2018-10-19,"-0.0113"
"000300","沪深300",2018-10-26,"0.0123"
"000300","沪深300",2018-11-02,"0.0367"
"000300","沪深300",2018-11-09,"-0.0373"
"000300","沪深300",2018-11-16,"0.0285"
"000300","沪深300",2018-11-23,"-0.0351"
"000300","沪深300",2018-11-30,"0.0093"
"000300","沪深300",2018-12-07,"0.0028"
"000300","沪深300",2018-12-14,"-0.0049"
"000300","沪深300",2018-12-21,"-0.0431"
"000300","沪深300",2018-12-28,"-0.0062"
"000300","沪深300",2019-01-04,"0.0084"
"000300","沪深300",2019-01-11,"0.0194"
"000300","沪深300",2019-01-18,"0.0237"
"000300","沪深300",2019-01-25,"0.0051"
"000300","沪深300",2019-02-01,"0.0198"
"000300","沪深300",2019-02-15,"0.0281"
"000300","沪深300",2019-02-22,"0.0543"
"000300","沪深300",2019-03-01,"0.0652"
"000300","沪深300",2019-03-08,"-0.0246"
"000300","沪深300",2019-03-15,"0.0239"
"000300","沪深300",2019-03-22,"0.0237"
"000300","沪深300",2019-03-29,"0.0101"
"000300","沪深300",2019-04-04,"0.0490"
"000300","沪深300",2019-04-12,"-0.0181"
"000300","沪深300",2019-04-19,"0.0331"
"000300","沪深300",2019-04-26,"-0.0561"
"000300","沪深300",2019-04-30,"0.0062"
"000300","沪深300",2019-05-10,"-0.0467"
"000300","沪深300",2019-05-17,"-0.0219"
"000300","沪深300",2019-05-24,"-0.0150"
"000300","沪深300",2019-05-31,"0.0100"
"000300","沪深300",2019-06-06,"-0.0179"
"000300","沪深300",2019-06-14,"0.0253"
"000300","沪深300",2019-06-21,"0.0490"
"000300","沪深300",2019-06-28,"-0.0022"